ano;mes;sigla_uf;cnae_2_descricao;cbo_2002_descricao;categoria_descricao;grau_instrucao;grau_instrucao_descricao;idade;raca_cor;sexo;sexo_descricao;salario_mensal
2020;7;AL;Atividades Financeiras, de Seguros e Servicos Relacionados;Gerente Administrativo;Empregado - Geral, inclusive o empregado p£blico da administra‡Æo direta ou indireta contratado pela CLT;9;Superior Completo;36;1;3;Mulher;5216.63
2021;9;AL;Atividades Financeiras, de Seguros e Servicos Relacionados;Gerente Administrativo;Empregado - Geral, inclusive o empregado p£blico da administra‡Æo direta ou indireta contratado pela CLT;9;Superior Completo;39;1;1;Homem;4030.36
2023;9;AL;Atividades Financeiras, de Seguros e Servicos Relacionados;Gerente de Servicos de Saude;Empregado - Geral, inclusive o empregado p£blico da administra‡Æo direta ou indireta contratado pela CLT;80;Pos-Graduacao completa;48;1;1;Homem;21.850.449
2023;11;AL;Atividades Financeiras, de Seguros e Servicos Relacionados;Gerente Financeiro;Empregado - Geral, inclusive o empregado p£blico da administra‡Æo direta ou indireta contratado pela CLT;7;Medio Completo ;64;6;1;Homem;1320
2020;10;AM;Atividades Financeiras, de Seguros e Servicos Relacionados;Gerente de Agencia;Empregado - Geral, inclusive o empregado p£blico da administra‡Æo direta ou indireta contratado pela CLT;9;Superior Completo;36;3;1;Homem;7473.29
2022;7;AM;Atividades Financeiras, de Seguros e Servicos Relacionados;Contador;Empregado - Geral, inclusive o empregado p£blico da administra‡Æo direta ou indireta contratado pela CLT;9;Superior Completo;24;3;3;Mulher;3220
2021;4;AM;Atividades Financeiras, de Seguros e Servicos Relacionados;Gerente Comercial;Empregado - Geral, inclusive o empregado p£blico da administra‡Æo direta ou indireta contratado pela CLT;9;Superior Completo;54;3;1;Homem;9182.87
2021;8;AM;Atividades Financeiras, de Seguros e Servicos Relacionados;Gerente de Agencia;Empregado - Geral, inclusive o empregado p£blico da administra‡Æo direta ou indireta contratado pela CLT;9;Superior Completo;46;3;1;Homem;8330.58
2023;5;AP;Atividades Financeiras, de Seguros e Servicos Relacionados;Contador;Empregado - Geral, inclusive o empregado p£blico da administra‡Æo direta ou indireta contratado pela CLT;9;Superior Completo;42;3;3;Mulher;5032
2023;5;AP;Atividades Financeiras, de Seguros e Servicos Relacionados;Contador;Empregado - Geral, inclusive o empregado p£blico da administra‡Æo direta ou indireta contratado pela CLT;9;Superior Completo;50;3;3;Mulher;5032
2023;5;AP;Atividades Financeiras, de Seguros e Servicos Relacionados;Contador;Empregado - Geral, inclusive o empregado p£blico da administra‡Æo direta ou indireta contratado pela CLT;9;Superior Completo;26;3;1;Homem;3804.66
2023;5;AP;Atividades Financeiras, de Seguros e Servicos Relacionados;Contador;Empregado - Geral, inclusive o empregado p£blico da administra‡Æo direta ou indireta contratado pela CLT;9;Superior Completo;33;1;1;Homem;4399.74
2023;5;AP;Atividades Financeiras, de Seguros e Servicos Relacionados;Contador;Empregado - Geral, inclusive o empregado p£blico da administra‡Æo direta ou indireta contratado pela CLT;9;Superior Completo;51;3;3;Mulher;5032
2023;5;AP;Atividades Financeiras, de Seguros e Servicos Relacionados;Contador;Empregado - Contrato a termo firmado nos termos da Lei 9.601/1998;9;Superior Completo;43;1;1;Homem;3804.66
2023;5;AP;Atividades Financeiras, de Seguros e Servicos Relacionados;Diretor Administrativo e Financeiro;Empregado - Geral, inclusive o empregado p£blico da administra‡Æo direta ou indireta contratado pela CLT;9;Superior Completo;58;1;1;Homem;9685.19
2023;5;AP;Atividades Financeiras, de Seguros e Servicos Relacionados;Diretor Administrativo;Empregado - Geral, inclusive o empregado p£blico da administra‡Æo direta ou indireta contratado pela CLT;9;Superior Completo;36;3;3;Mulher;18032.09
2023;5;AP;Atividades Financeiras, de Seguros e Servicos Relacionados;Contador;Empregado - Contrato a termo firmado nos termos da Lei 9.601/1998;9;Superior Completo;43;1;1;Homem;3804.66
2023;9;AP;Atividades Financeiras, de Seguros e Servicos Relacionados;Gerente de Recursos Humanos;Empregado - Geral, inclusive o empregado p£blico da administra‡Æo direta ou indireta contratado pela CLT;9;Superior Completo;53;3;1;Homem;2000
2020;12;BA;Atividades Financeiras, de Seguros e Servicos Relacionados;Gerente de Agencia;Empregado - Geral, inclusive o empregado p£blico da administra‡Æo direta ou indireta contratado pela CLT;9;Superior Completo;58;1;1;Homem;15007.74
2020;12;BA;Atividades Financeiras, de Seguros e Servicos Relacionados;Gerente Administrativo;Empregado - Geral, inclusive o empregado p£blico da administra‡Æo direta ou indireta contratado pela CLT;9;Superior Completo;36;4;1;Homem;5823.11
2020;11;BA;Atividades Financeiras, de Seguros e Servicos Relacionados;Gerente de Agencia;Empregado - Geral, inclusive o empregado p£blico da administra‡Æo direta ou indireta contratado pela CLT;9;Superior Completo;43;1;3;Mulher;7424.66
2020;11;BA;Atividades Financeiras, de Seguros e Servicos Relacionados;Gerente Comercial;Empregado - Geral, inclusive o empregado p£blico da administra‡Æo direta ou indireta contratado pela CLT;9;Superior Completo;40;1;3;Mulher;5102.03
2020;12;BA;Atividades Financeiras, de Seguros e Servicos Relacionados;Gerente Administrativo;Empregado - Geral, inclusive o empregado p£blico da administra‡Æo direta ou indireta contratado pela CLT;8;Superior Incompleto;35;3;1;Homem;6396.63
2020;10;BA;Atividades Financeiras, de Seguros e Servicos Relacionados;Gerente de Agencia;Empregado - Geral, inclusive o empregado p£blico da administra‡Æo direta ou indireta contratado pela CLT;80;Pos-Graduacao completa;46;3;3;Mulher;8045.31
2020;10;BA;Atividades Financeiras, de Seguros e Servicos Relacionados;Gerente Administrativo;Empregado - Geral, inclusive o empregado p£blico da administra‡Æo direta ou indireta contratado pela CLT;80;Pos-Graduacao completa;47;1;1;Homem;6524.45
2020;12;BA;Atividades Financeiras, de Seguros e Servicos Relacionados;Gerente Administrativo;Empregado - Geral, inclusive o empregado p£blico da administra‡Æo direta ou indireta contratado pela CLT;9;Superior Completo;52;1;3;Mulher;7709.02
2020;11;BA;Atividades Financeiras, de Seguros e Servicos Relacionados;Gerente Administrativo;Empregado - Geral, inclusive o empregado p£blico da administra‡Æo direta ou indireta contratado pela CLT;9;Superior Completo;50;3;1;Homem;6570.26
2020;12;BA;Atividades Financeiras, de Seguros e Servicos Relacionados;Gerente Administrativo;Empregado - Geral, inclusive o empregado p£blico da administra‡Æo direta ou indireta contratado pela CLT;8;Superior Incompleto;37;1;3;Mulher;4658.49
2022;3;BA;Atividades Financeiras, de Seguros e Servicos Relacionados;Gerente Administrativo;Empregado - Geral, inclusive o empregado p£blico da administra‡Æo direta ou indireta contratado pela CLT;9;Superior Completo;36;1;3;Mulher;6959.8
2022;1;BA;Atividades Financeiras, de Seguros e Servicos Relacionados;Gerente Administrativo;Empregado - Geral, inclusive o empregado p£blico da administra‡Æo direta ou indireta contratado pela CLT;9;Superior Completo;52;1;1;Homem;5453.54
2022;10;BA;Atividades Financeiras, de Seguros e Servicos Relacionados;Gerente Administrativo;Empregado - Geral, inclusive o empregado p£blico da administra‡Æo direta ou indireta contratado pela CLT;9;Superior Completo;43;4;3;Mulher;6278.67
2022;3;BA;Atividades Financeiras, de Seguros e Servicos Relacionados;Gerente Administrativo;Empregado - Geral, inclusive o empregado p£blico da administra‡Æo direta ou indireta contratado pela CLT;9;Superior Completo;48;1;1;Homem;6923.31
2022;4;BA;Atividades Financeiras, de Seguros e Servicos Relacionados;Gerente Administrativo;Empregado - Geral, inclusive o empregado p£blico da administra‡Æo direta ou indireta contratado pela CLT;9;Superior Completo;45;3;1;Homem;6363.86
2022;7;BA;Atividades Financeiras, de Seguros e Servicos Relacionados;Gerente Administrativo;Empregado - Geral, inclusive o empregado p£blico da administra‡Æo direta ou indireta contratado pela CLT;7;Medio Completo ;50;3;3;Mulher;1500
2022;7;BA;Atividades Financeiras, de Seguros e Servicos Relacionados;Gerente Administrativo;Empregado - Geral, inclusive o empregado p£blico da administra‡Æo direta ou indireta contratado pela CLT;7;Medio Completo ;50;3;3;Mulher;1500
2022;7;BA;Atividades Financeiras, de Seguros e Servicos Relacionados;Gerente Administrativo;Empregado - Geral, inclusive o empregado p£blico da administra‡Æo direta ou indireta contratado pela CLT;7;Medio Completo ;25;6;3;Mulher;1500
2022;7;BA;Atividades Financeiras, de Seguros e Servicos Relacionados;Gerente Administrativo;Empregado - Geral, inclusive o empregado p£blico da administra‡Æo direta ou indireta contratado pela CLT;7;Medio Completo ;25;6;3;Mulher;2000
2022;7;BA;Atividades Financeiras, de Seguros e Servicos Relacionados;Gerente Administrativo;Empregado - Geral, inclusive o empregado p£blico da administra‡Æo direta ou indireta contratado pela CLT;7;Medio Completo ;37;6;3;Mulher;1045
2022;7;BA;Atividades Financeiras, de Seguros e Servicos Relacionados;Gerente Administrativo;Empregado - Geral, inclusive o empregado p£blico da administra‡Æo direta ou indireta contratado pela CLT;7;Medio Completo ;36;6;3;Mulher;1045
2021;1;BA;Atividades Financeiras, de Seguros e Servicos Relacionados;Gerente Administrativo;Empregado - Geral, inclusive o empregado p£blico da administra‡Æo direta ou indireta contratado pela CLT;9;Superior Completo;37;1;1;Homem;6892.44
2021;9;BA;Atividades Financeiras, de Seguros e Servicos Relacionados;Gerente Administrativo;Empregado - Geral, inclusive o empregado p£blico da administra‡Æo direta ou indireta contratado pela CLT;8;Superior Incompleto;44;3;3;Mulher;4691.89
2021;4;BA;Atividades Financeiras, de Seguros e Servicos Relacionados;Gerente de Agencia;Empregado - Geral, inclusive o empregado p£blico da administra‡Æo direta ou indireta contratado pela CLT;9;Superior Completo;38;3;1;Homem;6933.81
2021;7;BA;Atividades Financeiras, de Seguros e Servicos Relacionados;Gerente de Agencia;Empregado - Geral, inclusive o empregado p£blico da administra‡Æo direta ou indireta contratado pela CLT;80;Pos-Graduacao completa;42;1;1;Homem;12542.62
2021;10;BA;Atividades Financeiras, de Seguros e Servicos Relacionados;Gerente Administrativo;Empregado - Geral, inclusive o empregado p£blico da administra‡Æo direta ou indireta contratado pela CLT;9;Superior Completo;53;3;1;Homem;5384.75
2021;3;BA;Atividades Financeiras, de Seguros e Servicos Relacionados;Gerente Administrativo;Empregado - Geral, inclusive o empregado p£blico da administra‡Æo direta ou indireta contratado pela CLT;9;Superior Completo;36;1;3;Mulher;6785
2021;1;BA;Atividades Financeiras, de Seguros e Servicos Relacionados;Gerente Administrativo;Empregado - Geral, inclusive o empregado p£blico da administra‡Æo direta ou indireta contratado pela CLT;9;Superior Completo;33;1;1;Homem;8258.23
2021;2;BA;Atividades Financeiras, de Seguros e Servicos Relacionados;Gerente de Agencia;Empregado - Geral, inclusive o empregado p£blico da administra‡Æo direta ou indireta contratado pela CLT;8;Superior Incompleto;45;3;1;Homem;8893.46
2021;4;BA;Atividades Financeiras, de Seguros e Servicos Relacionados;Gerente de Agencia;Empregado - Geral, inclusive o empregado p£blico da administra‡Æo direta ou indireta contratado pela CLT;9;Superior Completo;39;1;3;Mulher;6574.1
2021;2;BA;Atividades Financeiras, de Seguros e Servicos Relacionados;Gerente de Agencia;Empregado - Geral, inclusive o empregado p£blico da administra‡Æo direta ou indireta contratado pela CLT;9;Superior Completo;49;1;3;Mulher;10770.81
2021;4;BA;Atividades Financeiras, de Seguros e Servicos Relacionados;Gerente de Agencia;Empregado - Geral, inclusive o empregado p£blico da administra‡Æo direta ou indireta contratado pela CLT;8;Superior Incompleto;55;1;3;Mulher;12500.38
2021;1;BA;Atividades Financeiras, de Seguros e Servicos Relacionados;Gerente de Agencia;Empregado - Geral, inclusive o empregado p£blico da administra‡Æo direta ou indireta contratado pela CLT;9;Superior Completo;49;1;3;Mulher;8671.12
2021;6;BA;Atividades Financeiras, de Seguros e Servicos Relacionados;Gerente Administrativo;Empregado - Geral, inclusive o empregado p£blico da administra‡Æo direta ou indireta contratado pela CLT;80;Pos-Graduacao completa;36;3;1;Homem;4457.69
2021;8;BA;Atividades Financeiras, de Seguros e Servicos Relacionados;Gerente Administrativo;Empregado - Geral, inclusive o empregado p£blico da administra‡Æo direta ou indireta contratado pela CLT;9;Superior Completo;47;3;1;Homem;4791.81
2021;5;BA;Atividades Financeiras, de Seguros e Servicos Relacionados;Gerente de Agencia;Empregado - Geral, inclusive o empregado p£blico da administra‡Æo direta ou indireta contratado pela CLT;9;Superior Completo;51;1;3;Mulher;10250.29
2021;4;BA;Atividades Financeiras, de Seguros e Servicos Relacionados;Gerente de Agencia;Empregado - Geral, inclusive o empregado p£blico da administra‡Æo direta ou indireta contratado pela CLT;80;Pos-Graduacao completa;41;3;3;Mulher;6813.91
2021;1;BA;Atividades Financeiras, de Seguros e Servicos Relacionados;Gerente de Agencia;Empregado - Geral, inclusive o empregado p£blico da administra‡Æo direta ou indireta contratado pela CLT;9;Superior Completo;55;1;1;Homem;18214.4
2021;1;BA;Atividades Financeiras, de Seguros e Servicos Relacionados;Gerente de Agencia;Empregado - Geral, inclusive o empregado p£blico da administra‡Æo direta ou indireta contratado pela CLT;80;Pos-Graduacao completa;42;1;1;Homem;9148.72
2021;1;BA;Atividades Financeiras, de Seguros e Servicos Relacionados;Gerente de Agencia;Empregado - Geral, inclusive o empregado p£blico da administra‡Æo direta ou indireta contratado pela CLT;9;Superior Completo;35;2;3;Mulher;6574.1
2021;2;BA;Atividades Financeiras, de Seguros e Servicos Relacionados;Gerente de Agencia;Empregado - Geral, inclusive o empregado p£blico da administra‡Æo direta ou indireta contratado pela CLT;9;Superior Completo;35;1;3;Mulher;12940.5
2021;1;BA;Atividades Financeiras, de Seguros e Servicos Relacionados;Gerente de Agencia;Empregado - Geral, inclusive o empregado p£blico da administra‡Æo direta ou indireta contratado pela CLT;9;Superior Completo;47;1;3;Mulher;7269.58
2021;7;BA;Atividades Financeiras, de Seguros e Servicos Relacionados;Gerente Administrativo;Empregado - Geral, inclusive o empregado p£blico da administra‡Æo direta ou indireta contratado pela CLT;9;Superior Completo;36;1;1;Homem;5887
2021;1;BA;Atividades Financeiras, de Seguros e Servicos Relacionados;Gerente de Agencia;Empregado - Geral, inclusive o empregado p£blico da administra‡Æo direta ou indireta contratado pela CLT;8;Superior Incompleto;50;1;1;Homem;9449.31
2021;10;BA;Atividades Financeiras, de Seguros e Servicos Relacionados;Gerente Administrativo;Empregado - Geral, inclusive o empregado p£blico da administra‡Æo direta ou indireta contratado pela CLT;9;Superior Completo;34;3;1;Homem;5497.62
2021;1;BA;Atividades Financeiras, de Seguros e Servicos Relacionados;Gerente de Agencia;Empregado - Geral, inclusive o empregado p£blico da administra‡Æo direta ou indireta contratado pela CLT;9;Superior Completo;39;3;3;Mulher;8323
2021;3;BA;Atividades Financeiras, de Seguros e Servicos Relacionados;Gerente Comercial;Empregado - Geral, inclusive o empregado p£blico da administra‡Æo direta ou indireta contratado pela CLT;9;Superior Completo;48;3;3;Mulher;7047.69
2021;1;BA;Atividades Financeiras, de Seguros e Servicos Relacionados;Gerente Comercial;Empregado - Geral, inclusive o empregado p£blico da administra‡Æo direta ou indireta contratado pela CLT;9;Superior Completo;50;1;3;Mulher;9712.75
2023;4;BA;Atividades Financeiras, de Seguros e Servicos Relacionados;Gerente de Agencia;Empregado - Geral, inclusive o empregado p£blico da administra‡Æo direta ou indireta contratado pela CLT;9;Superior Completo;52;3;3;Mulher;7878.76
2023;3;BA;Atividades Financeiras, de Seguros e Servicos Relacionados;Gerente de Agencia;Empregado - Geral, inclusive o empregado p£blico da administra‡Æo direta ou indireta contratado pela CLT;8;Superior Incompleto;58;1;1;Homem;16778.66
2023;1;BA;Atividades Financeiras, de Seguros e Servicos Relacionados;Gerente de Agencia;Empregado - Geral, inclusive o empregado p£blico da administra‡Æo direta ou indireta contratado pela CLT;9;Superior Completo;53;1;1;Homem;15323.8
2023;5;BA;Atividades Financeiras, de Seguros e Servicos Relacionados;Gerente de Agencia;Empregado - Geral, inclusive o empregado p£blico da administra‡Æo direta ou indireta contratado pela CLT;9;Superior Completo;55;3;1;Homem;8609.16
2023;4;BA;Atividades Financeiras, de Seguros e Servicos Relacionados;Gerente de Agencia;Empregado - Geral, inclusive o empregado p£blico da administra‡Æo direta ou indireta contratado pela CLT;80;Pos-Graduacao completa;37;1;1;Homem;14980.95
2023;1;BA;Atividades Financeiras, de Seguros e Servicos Relacionados;Gerente de Agencia;Empregado - Geral, inclusive o empregado p£blico da administra‡Æo direta ou indireta contratado pela CLT;8;Superior Incompleto;49;1;1;Homem;13056.8
2023;6;BA;Atividades Financeiras, de Seguros e Servicos Relacionados;Gerente de Agencia;Empregado - Geral, inclusive o empregado p£blico da administra‡Æo direta ou indireta contratado pela CLT;9;Superior Completo;44;1;3;Mulher;8455.02
2023;12;BA;Atividades Financeiras, de Seguros e Servicos Relacionados;Gerente de Agencia;Empregado - Geral, inclusive o empregado p£blico da administra‡Æo direta ou indireta contratado pela CLT;80;Pos-Graduacao completa;55;1;3;Mulher;14395.43
2023;2;BA;Atividades Financeiras, de Seguros e Servicos Relacionados;Gerente Administrativo;Empregado - Geral, inclusive o empregado p£blico da administra‡Æo direta ou indireta contratado pela CLT;7;Medio Completo ;32;6;3;Mulher;2000
2020;12;CE;Atividades Financeiras, de Seguros e Servicos Relacionados;Gerente Administrativo;Empregado - Geral, inclusive o empregado p£blico da administra‡Æo direta ou indireta contratado pela CLT;9;Superior Completo;46;1;3;Mulher;5679.52
2020;11;CE;Atividades Financeiras, de Seguros e Servicos Relacionados;Gerente de Marketing;Empregado - Geral, inclusive o empregado p£blico da administra‡Æo direta ou indireta contratado pela CLT;9;Superior Completo;32;3;3;Mulher;2645
2021;12;CE;Atividades Financeiras, de Seguros e Servicos Relacionados;Gerente Administrativo;Empregado - Geral, inclusive o empregado p£blico da administra‡Æo direta ou indireta contratado pela CLT;9;Superior Completo;38;1;3;Mulher;8447.6
2023;4;CE;Atividades Financeiras, de Seguros e Servicos Relacionados;Gerente de Agencia;Empregado - Geral, inclusive o empregado p£blico da administra‡Æo direta ou indireta contratado pela CLT;8;Superior Incompleto;56;3;1;Homem;13552.75
2020;8;DF;Atividades Financeiras, de Seguros e Servicos Relacionados;Gerente Administrativo;Empregado - Geral, inclusive o empregado p£blico da administra‡Æo direta ou indireta contratado pela CLT;9;Superior Completo;42;3;3;Mulher;3703.09
2022;10;DF;Atividades Financeiras, de Seguros e Servicos Relacionados;Gerente Comercial;Empregado - Geral, inclusive o empregado p£blico da administra‡Æo direta ou indireta contratado pela CLT;7;Medio Completo ;27;6;3;Mulher;1500
2022;5;DF;Atividades Financeiras, de Seguros e Servicos Relacionados;Diretor Geral de Empresa e Organizacoes (Exceto de Interesse Publico);Empregado - Geral, inclusive o empregado p£blico da administra‡Æo direta ou indireta contratado pela CLT;9;Superior Completo;50;1;1;Homem;52177.45
2022;5;DF;Atividades Financeiras, de Seguros e Servicos Relacionados;Diretor Geral de Empresa e Organizacoes (Exceto de Interesse Publico);Empregado - Geral, inclusive o empregado p£blico da administra‡Æo direta ou indireta contratado pela CLT;9;Superior Completo;52;1;1;Homem;52177.45
2022;11;DF;Atividades Financeiras, de Seguros e Servicos Relacionados;Gerente de Marketing;Empregado - Geral, inclusive o empregado p£blico da administra‡Æo direta ou indireta contratado pela CLT;80;Pos-Graduacao completa;48;1;3;Mulher;21235
2022;11;DF;Atividades Financeiras, de Seguros e Servicos Relacionados;Gerente Financeiro;Empregado - Geral, inclusive o empregado p£blico da administra‡Æo direta ou indireta contratado pela CLT;9;Superior Completo;40;2;1;Homem;21235
2022;12;DF;Atividades Financeiras, de Seguros e Servicos Relacionados;Diretor Geral de Empresa e Organizacoes (Exceto de Interesse Publico);Empregado - Geral, inclusive o empregado p£blico da administra‡Æo direta ou indireta contratado pela CLT;11;Doutorado;53;1;1;Homem;23357.4
2022;11;DF;Atividades Financeiras, de Seguros e Servicos Relacionados;Gerente Administrativo;Empregado - Geral, inclusive o empregado p£blico da administra‡Æo direta ou indireta contratado pela CLT;10;Mestrado;49;1;3;Mulher;9100.8
2022;2;DF;Atividades Financeiras, de Seguros e Servicos Relacionados;Gerente Comercial;Empregado - Geral, inclusive o empregado p£blico da administra‡Æo direta ou indireta contratado pela CLT;8;Superior Incompleto;27;6;1;Homem;7000
2022;2;DF;Atividades Financeiras, de Seguros e Servicos Relacionados;Gerente Comercial;Empregado - Geral, inclusive o empregado p£blico da administra‡Æo direta ou indireta contratado pela CLT;8;Superior Incompleto;27;6;1;Homem;2200
2021;11;DF;Atividades Financeiras, de Seguros e Servicos Relacionados;Gerente Administrativo;Empregado - Geral, inclusive o empregado p£blico da administra‡Æo direta ou indireta contratado pela CLT;9;Superior Completo;44;1;3;Mulher;6341.53
2021;2;DF;Atividades Financeiras, de Seguros e Servicos Relacionados;Gerente Administrativo;Empregado - Geral, inclusive o empregado p£blico da administra‡Æo direta ou indireta contratado pela CLT;9;Superior Completo;36;3;1;Homem;5714.5
2021;4;DF;Atividades Financeiras, de Seguros e Servicos Relacionados;Diretor Geral de Empresa e Organizacoes (Exceto de Interesse Publico);Empregado - Geral, inclusive o empregado p£blico da administra‡Æo direta ou indireta contratado pela CLT;80;Pos-Graduacao completa;50;1;1;Homem;61564.83
2021;10;DF;Atividades Financeiras, de Seguros e Servicos Relacionados;Diretor Geral de Empresa e Organizacoes (Exceto de Interesse Publico);Empregado - Geral, inclusive o empregado p£blico da administra‡Æo direta ou indireta contratado pela CLT;9;Superior Completo;50;1;1;Homem;9682.4
2021;6;DF;Atividades Financeiras, de Seguros e Servicos Relacionados;Diretor Geral de Empresa e Organizacoes (Exceto de Interesse Publico);Empregado - Geral, inclusive o empregado p£blico da administra‡Æo direta ou indireta contratado pela CLT;80;Pos-Graduacao completa;52;6;1;Homem;52177.45
2023;4;DF;Atividades Financeiras, de Seguros e Servicos Relacionados;Gerente de Producao e Operacoes;Empregado - Geral, inclusive o empregado p£blico da administra‡Æo direta ou indireta contratado pela CLT;10;Mestrado;38;1;1;Homem;30000
2023;1;DF;Atividades Financeiras, de Seguros e Servicos Relacionados;Gerente Administrativo;Empregado - Geral, inclusive o empregado p£blico da administra‡Æo direta ou indireta contratado pela CLT;10;Mestrado;31;6;3;Mulher;18203.01
2023;10;DF;Atividades Financeiras, de Seguros e Servicos Relacionados;Gerente Administrativo;Empregado - Geral, inclusive o empregado p£blico da administra‡Æo direta ou indireta contratado pela CLT;7;Medio Completo ;26;1;3;Mulher;1320
2023;12;DF;Atividades Financeiras, de Seguros e Servicos Relacionados;Gerente Comercial;Empregado - Geral, inclusive o empregado p£blico da administra‡Æo direta ou indireta contratado pela CLT;5;Fundamental Completo;47;1;3;Mulher;8367.79
2021;5;ES;Atividades Financeiras, de Seguros e Servicos Relacionados;Gerente Administrativo;Empregado - Geral, inclusive o empregado p£blico da administra‡Æo direta ou indireta contratado pela CLT;9;Superior Completo;39;1;3;Mulher;5045.38
2021;1;ES;Atividades Financeiras, de Seguros e Servicos Relacionados;Gerente de Agencia;Empregado - Geral, inclusive o empregado p£blico da administra‡Æo direta ou indireta contratado pela CLT;80;Pos-Graduacao completa;43;1;3;Mulher;15609.57
2021;7;ES;Atividades Financeiras, de Seguros e Servicos Relacionados;Gerente Administrativo;Empregado - Geral, inclusive o empregado p£blico da administra‡Æo direta ou indireta contratado pela CLT;80;Pos-Graduacao completa;50;1;3;Mulher;6214.05
2023;7;ES;Atividades Financeiras, de Seguros e Servicos Relacionados;Gerente Administrativo;Empregado - Geral, inclusive o empregado p£blico da administra‡Æo direta ou indireta contratado pela CLT;9;Superior Completo;43;3;1;Homem;6848.83
2022;2;GO;Atividades Financeiras, de Seguros e Servicos Relacionados;Diretor Administrativo;Empregado - Geral, inclusive o empregado p£blico da administra‡Æo direta ou indireta contratado pela CLT;7;Medio Completo ;27;1;3;Mulher;2109
2022;2;GO;Atividades Financeiras, de Seguros e Servicos Relacionados;Gerente Administrativo;Empregado - Geral, inclusive o empregado p£blico da administra‡Æo direta ou indireta contratado pela CLT;7;Medio Completo ;50;1;1;Homem;1370
2022;4;GO;Atividades Financeiras, de Seguros e Servicos Relacionados;Gerente Administrativo;Empregado - Geral, inclusive o empregado p£blico da administra‡Æo direta ou indireta contratado pela CLT;4;6¦ a 9¦ Fundamental;46;6;3;Mulher;1600
2022;9;GO;Atividades Financeiras, de Seguros e Servicos Relacionados;Gerente de Vendas;Empregado - Geral, inclusive o empregado p£blico da administra‡Æo direta ou indireta contratado pela CLT;7;Medio Completo ;26;6;3;Mulher;2000
2022;6;GO;Atividades Financeiras, de Seguros e Servicos Relacionados;Gerente Administrativo;Empregado - Geral, inclusive o empregado p£blico da administra‡Æo direta ou indireta contratado pela CLT;7;Medio Completo ;40;6;1;Homem;1500
2022;4;GO;Atividades Financeiras, de Seguros e Servicos Relacionados;Gerente Administrativo;Empregado - Geral, inclusive o empregado p£blico da administra‡Æo direta ou indireta contratado pela CLT;7;Medio Completo ;29;6;1;Homem;2000
2022;4;GO;Atividades Financeiras, de Seguros e Servicos Relacionados;Gerente de Producao e Operacoes;Empregado - Geral, inclusive o empregado p£blico da administra‡Æo direta ou indireta contratado pela CLT;7;Medio Completo ;52;6;1;Homem;1900
2022;6;GO;Atividades Financeiras, de Seguros e Servicos Relacionados;Gerente Administrativo;Empregado - Geral, inclusive o empregado p£blico da administra‡Æo direta ou indireta contratado pela CLT;7;Medio Completo ;53;6;1;Homem;1500
2022;4;GO;Atividades Financeiras, de Seguros e Servicos Relacionados;Gerente Administrativo;Empregado - Geral, inclusive o empregado p£blico da administra‡Æo direta ou indireta contratado pela CLT;7;Medio Completo ;50;6;1;Homem;1600
2022;4;GO;Atividades Financeiras, de Seguros e Servicos Relacionados;Gerente Administrativo;Empregado - Geral, inclusive o empregado p£blico da administra‡Æo direta ou indireta contratado pela CLT;7;Medio Completo ;36;6;1;Homem;1700
2020;11;MA;Atividades Financeiras, de Seguros e Servicos Relacionados;Gerente de Agencia;Empregado - Geral, inclusive o empregado p£blico da administra‡Æo direta ou indireta contratado pela CLT;9;Superior Completo;51;1;1;Homem;13446.8
2020;11;MA;Atividades Financeiras, de Seguros e Servicos Relacionados;Gerente Comercial;Empregado - Geral, inclusive o empregado p£blico da administra‡Æo direta ou indireta contratado pela CLT;9;Superior Completo;51;1;3;Mulher;9263.06
2022;3;MA;Atividades Financeiras, de Seguros e Servicos Relacionados;Gerente Administrativo;Empregado - Geral, inclusive o empregado p£blico da administra‡Æo direta ou indireta contratado pela CLT;8;Superior Incompleto;33;3;1;Homem;7166.85
2021;2;MA;Atividades Financeiras, de Seguros e Servicos Relacionados;Gerente de Agencia;Empregado - Geral, inclusive o empregado p£blico da administra‡Æo direta ou indireta contratado pela CLT;9;Superior Completo;37;4;3;Mulher;7584.74
2023;11;MA;Atividades Financeiras, de Seguros e Servicos Relacionados;Gerente de Agencia;Empregado - Geral, inclusive o empregado p£blico da administra‡Æo direta ou indireta contratado pela CLT;9;Superior Completo;46;1;3;Mulher;13957.7
2023;10;MA;Atividades Financeiras, de Seguros e Servicos Relacionados;Gerente Comercial;Empregado - Geral, inclusive o empregado p£blico da administra‡Æo direta ou indireta contratado pela CLT;9;Superior Completo;48;3;3;Mulher;10096.57
2020;6;MG;Atividades Financeiras, de Seguros e Servicos Relacionados;Gerente Financeiro;Empregado - Geral, inclusive o empregado p£blico da administra‡Æo direta ou indireta contratado pela CLT;9;Superior Completo;32;3;1;Homem;8000
2020;12;MG;Atividades Financeiras, de Seguros e Servicos Relacionados;Gerente Comercial;Empregado - Geral, inclusive o empregado p£blico da administra‡Æo direta ou indireta contratado pela CLT;9;Superior Completo;46;1;1;Homem;4325.43
2020;11;MG;Atividades Financeiras, de Seguros e Servicos Relacionados;Gerente de Agencia;Empregado - Geral, inclusive o empregado p£blico da administra‡Æo direta ou indireta contratado pela CLT;9;Superior Completo;59;1;1;Homem;19983.23
2020;11;MG;Atividades Financeiras, de Seguros e Servicos Relacionados;Gerente Administrativo;Empregado - Geral, inclusive o empregado p£blico da administra‡Æo direta ou indireta contratado pela CLT;9;Superior Completo;31;1;1;Homem;5368.6
2020;11;MG;Atividades Financeiras, de Seguros e Servicos Relacionados;Gerente Comercial;Empregado - Geral, inclusive o empregado p£blico da administra‡Æo direta ou indireta contratado pela CLT;9;Superior Completo;53;1;3;Mulher;7712.6
2020;8;MG;Atividades Financeiras, de Seguros e Servicos Relacionados;Gerente Administrativo;Empregado - Geral, inclusive o empregado p£blico da administra‡Æo direta ou indireta contratado pela CLT;9;Superior Completo;33;1;3;Mulher;3463.23
2020;12;MG;Atividades Financeiras, de Seguros e Servicos Relacionados;Gerente Comercial;Empregado - Geral, inclusive o empregado p£blico da administra‡Æo direta ou indireta contratado pela CLT;9;Superior Completo;48;1;3;Mulher;7853.02
2022;3;MG;Atividades Financeiras, de Seguros e Servicos Relacionados;Gerente Administrativo;Empregado - Geral, inclusive o empregado p£blico da administra‡Æo direta ou indireta contratado pela CLT;9;Superior Completo;53;1;1;Homem;5666
2022;1;MG;Atividades Financeiras, de Seguros e Servicos Relacionados;Gerente Administrativo;Empregado - Geral, inclusive o empregado p£blico da administra‡Æo direta ou indireta contratado pela CLT;7;Medio Completo ;52;3;1;Homem;8882.18
2022;2;MG;Atividades Financeiras, de Seguros e Servicos Relacionados;Gerente de Agencia;Empregado - Geral, inclusive o empregado p£blico da administra‡Æo direta ou indireta contratado pela CLT;9;Superior Completo;38;1;3;Mulher;10691.06
2022;1;MG;Atividades Financeiras, de Seguros e Servicos Relacionados;Gerente Comercial;Empregado - Geral, inclusive o empregado p£blico da administra‡Æo direta ou indireta contratado pela CLT;80;Pos-Graduacao completa;33;6;1;Homem;3852.2
2022;1;MG;Atividades Financeiras, de Seguros e Servicos Relacionados;Gerente Comercial;Empregado - Geral, inclusive o empregado p£blico da administra‡Æo direta ou indireta contratado pela CLT;9;Superior Completo;36;6;1;Homem;5752.13
2022;1;MG;Atividades Financeiras, de Seguros e Servicos Relacionados;Gerente Comercial;Empregado - Geral, inclusive o empregado p£blico da administra‡Æo direta ou indireta contratado pela CLT;9;Superior Completo;36;6;1;Homem;4593.82
2022;6;MG;Atividades Financeiras, de Seguros e Servicos Relacionados;Gerente Administrativo;Empregado - Geral, inclusive o empregado p£blico da administra‡Æo direta ou indireta contratado pela CLT;9;Superior Completo;32;1;1;Homem;4000
2022;5;MG;Atividades Financeiras, de Seguros e Servicos Relacionados;Gerente Administrativo;Empregado - Geral, inclusive o empregado p£blico da administra‡Æo direta ou indireta contratado pela CLT;7;Medio Completo ;50;6;1;Homem;1500
2022;6;MG;Atividades Financeiras, de Seguros e Servicos Relacionados;Gerente Administrativo;Empregado - Geral, inclusive o empregado p£blico da administra‡Æo direta ou indireta contratado pela CLT;7;Medio Completo ;38;6;1;Homem;1500
2021;5;MG;Atividades Financeiras, de Seguros e Servicos Relacionados;Gerente Administrativo;Empregado - Geral, inclusive o empregado p£blico da administra‡Æo direta ou indireta contratado pela CLT;8;Superior Incompleto;37;1;3;Mulher;4335.58
2021;3;MG;Atividades Financeiras, de Seguros e Servicos Relacionados;Gerente Comercial;Empregado - Geral, inclusive o empregado p£blico da administra‡Æo direta ou indireta contratado pela CLT;7;Medio Completo ;43;1;3;Mulher;2500
2021;6;MG;Atividades Financeiras, de Seguros e Servicos Relacionados;Gerente de Marketing;Empregado - Geral, inclusive o empregado p£blico da administra‡Æo direta ou indireta contratado pela CLT;9;Superior Completo;26;2;3;Mulher;2000
2021;10;MG;Atividades Financeiras, de Seguros e Servicos Relacionados;Gerente Administrativo;Empregado - Geral, inclusive o empregado p£blico da administra‡Æo direta ou indireta contratado pela CLT;80;Pos-Graduacao completa;43;1;3;Mulher;5318.43
2021;9;MG;Atividades Financeiras, de Seguros e Servicos Relacionados;Gerente Administrativo;Empregado - Geral, inclusive o empregado p£blico da administra‡Æo direta ou indireta contratado pela CLT;9;Superior Completo;51;1;3;Mulher;7528.98
2021;1;MG;Atividades Financeiras, de Seguros e Servicos Relacionados;Gerente Comercial;Empregado - Geral, inclusive o empregado p£blico da administra‡Æo direta ou indireta contratado pela CLT;9;Superior Completo;55;1;1;Homem;7706.12
2021;4;MG;Atividades Financeiras, de Seguros e Servicos Relacionados;Gerente de Agencia;Empregado - Geral, inclusive o empregado p£blico da administra‡Æo direta ou indireta contratado pela CLT;9;Superior Completo;39;1;1;Homem;7585.65
2021;2;MG;Atividades Financeiras, de Seguros e Servicos Relacionados;Gerente de Agencia;Empregado - Geral, inclusive o empregado p£blico da administra‡Æo direta ou indireta contratado pela CLT;9;Superior Completo;35;3;3;Mulher;7585.68
2021;10;MG;Atividades Financeiras, de Seguros e Servicos Relacionados;Gerente de Agencia;Empregado - Geral, inclusive o empregado p£blico da administra‡Æo direta ou indireta contratado pela CLT;9;Superior Completo;54;1;1;Homem;10508.72
2021;2;MG;Atividades Financeiras, de Seguros e Servicos Relacionados;Gerente de Agencia;Empregado - Geral, inclusive o empregado p£blico da administra‡Æo direta ou indireta contratado pela CLT;80;Pos-Graduacao completa;37;1;3;Mulher;7585.27
2021;8;MG;Atividades Financeiras, de Seguros e Servicos Relacionados;Gerente de Agencia;Empregado - Geral, inclusive o empregado p£blico da administra‡Æo direta ou indireta contratado pela CLT;9;Superior Completo;50;3;1;Homem;10170.42
2021;2;MG;Atividades Financeiras, de Seguros e Servicos Relacionados;Gerente Comercial;Empregado - Geral, inclusive o empregado p£blico da administra‡Æo direta ou indireta contratado pela CLT;9;Superior Completo;33;3;3;Mulher;3500
2021;2;MG;Atividades Financeiras, de Seguros e Servicos Relacionados;Gerente de Agencia;Empregado - Geral, inclusive o empregado p£blico da administra‡Æo direta ou indireta contratado pela CLT;9;Superior Completo;33;3;1;Homem;7473.12
2021;7;MG;Atividades Financeiras, de Seguros e Servicos Relacionados;Gerente de Agencia;Empregado - Geral, inclusive o empregado p£blico da administra‡Æo direta ou indireta contratado pela CLT;9;Superior Completo;42;1;3;Mulher;7201.94
2021;4;MG;Atividades Financeiras, de Seguros e Servicos Relacionados;Gerente de Agencia;Empregado - Geral, inclusive o empregado p£blico da administra‡Æo direta ou indireta contratado pela CLT;9;Superior Completo;46;1;3;Mulher;10555.48
2021;7;MG;Atividades Financeiras, de Seguros e Servicos Relacionados;Contador;Empregado - Geral, inclusive o empregado p£blico da administra‡Æo direta ou indireta contratado pela CLT;9;Superior Completo;31;3;1;Homem;2200
2023;3;MG;Atividades Financeiras, de Seguros e Servicos Relacionados;Gerente de Agencia;Empregado - Geral, inclusive o empregado p£blico da administra‡Æo direta ou indireta contratado pela CLT;9;Superior Completo;54;1;1;Homem;17024.16
2023;8;MG;Atividades Financeiras, de Seguros e Servicos Relacionados;Gerente Administrativo;Empregado - Geral, inclusive o empregado p£blico da administra‡Æo direta ou indireta contratado pela CLT;9;Superior Completo;40;1;3;Mulher;72.486.699
2023;6;MG;Atividades Financeiras, de Seguros e Servicos Relacionados;Gerente Administrativo;Empregado - Geral, inclusive o empregado p£blico da administra‡Æo direta ou indireta contratado pela CLT;9;Superior Completo;36;3;1;Homem;9288
2023;5;MG;Atividades Financeiras, de Seguros e Servicos Relacionados;Gerente Administrativo;Empregado - Geral, inclusive o empregado p£blico da administra‡Æo direta ou indireta contratado pela CLT;9;Superior Completo;35;1;3;Mulher;1750
2023;3;MG;Atividades Financeiras, de Seguros e Servicos Relacionados;Gerente Administrativo;Empregado - Geral, inclusive o empregado p£blico da administra‡Æo direta ou indireta contratado pela CLT;7;Medio Completo ;62;3;1;Homem;1500
2023;3;MG;Atividades Financeiras, de Seguros e Servicos Relacionados;Gerente Administrativo;Empregado - Geral, inclusive o empregado p£blico da administra‡Æo direta ou indireta contratado pela CLT;7;Medio Completo ;62;3;1;Homem;1500
2020;12;MS;Atividades Financeiras, de Seguros e Servicos Relacionados;Gerente Administrativo;Empregado - Geral, inclusive o empregado p£blico da administra‡Æo direta ou indireta contratado pela CLT;8;Superior Incompleto;51;1;1;Homem;7486.26
2021;5;MS;Atividades Financeiras, de Seguros e Servicos Relacionados;Gerente de Vendas;Empregado - Contrato a termo firmado nos termos da Lei 9.601/1998;7;Medio Completo ;41;1;3;Mulher;1400
2020;11;MT;Atividades Financeiras, de Seguros e Servicos Relacionados;Gerente Administrativo;Empregado - Geral, inclusive o empregado p£blico da administra‡Æo direta ou indireta contratado pela CLT;9;Superior Completo;43;1;3;Mulher;4290.12
2021;8;MT;Atividades Financeiras, de Seguros e Servicos Relacionados;Gerente de Agencia;Empregado - Geral, inclusive o empregado p£blico da administra‡Æo direta ou indireta contratado pela CLT;9;Superior Completo;45;1;1;Homem;18157.9
2023;4;MT;Atividades Financeiras, de Seguros e Servicos Relacionados;Diretor Administrativo;Empregado - Geral, inclusive o empregado p£blico da administra‡Æo direta ou indireta contratado pela CLT;9;Superior Completo;36;6;1;Homem;13215.1
2022;7;PB;Atividades Financeiras, de Seguros e Servicos Relacionados;Gerente Administrativo;Empregado - Geral, inclusive o empregado p£blico da administra‡Æo direta ou indireta contratado pela CLT;9;Superior Completo;38;1;1;Homem;4822.03
2022;3;PB;Atividades Financeiras, de Seguros e Servicos Relacionados;Gerente de Agencia;Empregado - Geral, inclusive o empregado p£blico da administra‡Æo direta ou indireta contratado pela CLT;80;Pos-Graduacao completa;51;1;1;Homem;16510.24
2020;12;PE;Atividades Financeiras, de Seguros e Servicos Relacionados;Gerente de Agencia;Empregado - Geral, inclusive o empregado p£blico da administra‡Æo direta ou indireta contratado pela CLT;9;Superior Completo;36;3;1;Homem;9642.5
2020;6;PE;Atividades Financeiras, de Seguros e Servicos Relacionados;Gerente Administrativo;Empregado - Geral, inclusive o empregado p£blico da administra‡Æo direta ou indireta contratado pela CLT;9;Superior Completo;33;1;1;Homem;6346.28
2020;8;PE;Atividades Financeiras, de Seguros e Servicos Relacionados;Gerente Administrativo;Empregado - Geral, inclusive o empregado p£blico da administra‡Æo direta ou indireta contratado pela CLT;80;Pos-Graduacao completa;39;1;3;Mulher;4020
2020;12;PE;Atividades Financeiras, de Seguros e Servicos Relacionados;Gerente de Agencia;Empregado - Geral, inclusive o empregado p£blico da administra‡Æo direta ou indireta contratado pela CLT;9;Superior Completo;50;3;1;Homem;15797.62
2020;12;PE;Atividades Financeiras, de Seguros e Servicos Relacionados;Gerente Comercial;Empregado - Geral, inclusive o empregado p£blico da administra‡Æo direta ou indireta contratado pela CLT;8;Superior Incompleto;51;1;1;Homem;8610.77
2022;2;PE;Atividades Financeiras, de Seguros e Servicos Relacionados;Gerente Administrativo;Empregado - Geral, inclusive o empregado p£blico da administra‡Æo direta ou indireta contratado pela CLT;10;Mestrado;52;1;1;Homem;6414.89
2022;10;PE;Atividades Financeiras, de Seguros e Servicos Relacionados;Gerente Administrativo;Empregado - Geral, inclusive o empregado p£blico da administra‡Æo direta ou indireta contratado pela CLT;9;Superior Completo;40;3;1;Homem;9228.26
2022;7;PE;Atividades Financeiras, de Seguros e Servicos Relacionados;Diretor Administrativo;Empregado - Geral, inclusive o empregado p£blico da administra‡Æo direta ou indireta contratado pela CLT;9;Superior Completo;37;3;1;Homem;21000
2022;2;PE;Atividades Financeiras, de Seguros e Servicos Relacionados;Contador;Empregado - Geral, inclusive o empregado p£blico da administra‡Æo direta ou indireta contratado pela CLT;9;Superior Completo;27;1;1;Homem;1727
2021;7;PE;Atividades Financeiras, de Seguros e Servicos Relacionados;Gerente Administrativo;Empregado - Geral, inclusive o empregado p£blico da administra‡Æo direta ou indireta contratado pela CLT;7;Medio Completo ;49;1;1;Homem;5932.73
2021;7;PE;Atividades Financeiras, de Seguros e Servicos Relacionados;Gerente de Agencia;Empregado - Geral, inclusive o empregado p£blico da administra‡Æo direta ou indireta contratado pela CLT;8;Superior Incompleto;53;1;1;Homem;15563.57
2021;8;PE;Atividades Financeiras, de Seguros e Servicos Relacionados;Gerente de Agencia;Empregado - Geral, inclusive o empregado p£blico da administra‡Æo direta ou indireta contratado pela CLT;9;Superior Completo;52;1;1;Homem;9138.04
2021;8;PE;Atividades Financeiras, de Seguros e Servicos Relacionados;Gerente Administrativo;Empregado - Geral, inclusive o empregado p£blico da administra‡Æo direta ou indireta contratado pela CLT;9;Superior Completo;38;3;1;Homem;7700
2021;7;PE;Atividades Financeiras, de Seguros e Servicos Relacionados;Gerente de Agencia;Empregado - Geral, inclusive o empregado p£blico da administra‡Æo direta ou indireta contratado pela CLT;9;Superior Completo;54;1;1;Homem;15351.82
2021;6;PE;Atividades Financeiras, de Seguros e Servicos Relacionados;Gerente de Agencia;Empregado - Geral, inclusive o empregado p£blico da administra‡Æo direta ou indireta contratado pela CLT;9;Superior Completo;34;1;3;Mulher;7585.67
2021;11;PE;Atividades Financeiras, de Seguros e Servicos Relacionados;Diretor Administrativo;Empregado - Geral, inclusive o empregado p£blico da administra‡Æo direta ou indireta contratado pela CLT;9;Superior Completo;34;1;1;Homem;21000
2021;3;PE;Atividades Financeiras, de Seguros e Servicos Relacionados;Gerente Administrativo;Empregado - Geral, inclusive o empregado p£blico da administra‡Æo direta ou indireta contratado pela CLT;9;Superior Completo;35;3;1;Homem;7574.14
2023;5;PE;Atividades Financeiras, de Seguros e Servicos Relacionados;Gerente Comercial;Empregado - Geral, inclusive o empregado p£blico da administra‡Æo direta ou indireta contratado pela CLT;9;Superior Completo;54;3;3;Mulher;9925.84
2023;3;PE;Atividades Financeiras, de Seguros e Servicos Relacionados;Gerente Administrativo;Empregado - Geral, inclusive o empregado p£blico da administra‡Æo direta ou indireta contratado pela CLT;9;Superior Completo;53;1;1;Homem;7740.18
2023;5;PE;Atividades Financeiras, de Seguros e Servicos Relacionados;Gerente de Agencia;Empregado - Geral, inclusive o empregado p£blico da administra‡Æo direta ou indireta contratado pela CLT;80;Pos-Graduacao completa;55;3;1;Homem;13703.91
2023;4;PE;Atividades Financeiras, de Seguros e Servicos Relacionados;Gerente Comercial;Empregado - Geral, inclusive o empregado p£blico da administra‡Æo direta ou indireta contratado pela CLT;9;Superior Completo;42;1;3;Mulher;11070.15
2023;4;PE;Atividades Financeiras, de Seguros e Servicos Relacionados;Gerente Administrativo;Empregado - Geral, inclusive o empregado p£blico da administra‡Æo direta ou indireta contratado pela CLT;8;Superior Incompleto;40;3;3;Mulher;9528.72
2023;5;PE;Atividades Financeiras, de Seguros e Servicos Relacionados;Gerente Administrativo;Empregado - Geral, inclusive o empregado p£blico da administra‡Æo direta ou indireta contratado pela CLT;9;Superior Completo;40;3;3;Mulher;7392.43
2020;9;PI;Atividades Financeiras, de Seguros e Servicos Relacionados;Gerente Administrativo;Empregado - Contrato a termo firmado nos termos da Lei 9.601/1998;9;Superior Completo;29;6;1;Homem;3600
2022;7;PI;Atividades Financeiras, de Seguros e Servicos Relacionados;Gerente Administrativo;Empregado - Geral, inclusive o empregado p£blico da administra‡Æo direta ou indireta contratado pela CLT;9;Superior Completo;36;1;1;Homem;5721.97
2022;7;PI;Atividades Financeiras, de Seguros e Servicos Relacionados;Gerente Administrativo;Empregado - Geral, inclusive o empregado p£blico da administra‡Æo direta ou indireta contratado pela CLT;9;Superior Completo;38;3;3;Mulher;5552.88
2021;9;PI;Atividades Financeiras, de Seguros e Servicos Relacionados;Diretor Administrativo e Financeiro;Empregado - Geral, inclusive o empregado p£blico da administra‡Æo direta ou indireta contratado pela CLT;7;Medio Completo ;54;6;3;Mulher;0
2021;1;PI;Atividades Financeiras, de Seguros e Servicos Relacionados;Diretor Geral de Empresa e Organizacoes (Exceto de Interesse Publico);Empregado - Geral, inclusive o empregado p£blico da administra‡Æo direta ou indireta contratado pela CLT;9;Superior Completo;35;6;1;Homem;5000
2020;8;PR;Atividades Financeiras, de Seguros e Servicos Relacionados;Gerente Administrativo;Empregado - Geral, inclusive o empregado p£blico da administra‡Æo direta ou indireta contratado pela CLT;9;Superior Completo;36;1;1;Homem;8283.04
2020;8;PR;Atividades Financeiras, de Seguros e Servicos Relacionados;Gerente de Agencia;Empregado - Geral, inclusive o empregado p£blico da administra‡Æo direta ou indireta contratado pela CLT;9;Superior Completo;46;1;1;Homem;12817.04
2020;11;PR;Atividades Financeiras, de Seguros e Servicos Relacionados;Gerente Administrativo;Empregado - Geral, inclusive o empregado p£blico da administra‡Æo direta ou indireta contratado pela CLT;9;Superior Completo;51;1;1;Homem;6934.38
2022;3;PR;Atividades Financeiras, de Seguros e Servicos Relacionados;Gerente Administrativo;Empregado - Geral, inclusive o empregado p£blico da administra‡Æo direta ou indireta contratado pela CLT;9;Superior Completo;51;1;1;Homem;6615.76
2022;3;PR;Atividades Financeiras, de Seguros e Servicos Relacionados;Gerente Administrativo;Empregado - Geral, inclusive o empregado p£blico da administra‡Æo direta ou indireta contratado pela CLT;9;Superior Completo;38;1;1;Homem;14106.84
2022;2;PR;Atividades Financeiras, de Seguros e Servicos Relacionados;Gerente de Vendas;Empregado - Geral, inclusive o empregado p£blico da administra‡Æo direta ou indireta contratado pela CLT;7;Medio Completo ;31;6;1;Homem;2400
2022;3;PR;Atividades Financeiras, de Seguros e Servicos Relacionados;Gerente de Vendas;Empregado - Geral, inclusive o empregado p£blico da administra‡Æo direta ou indireta contratado pela CLT;7;Medio Completo ;59;6;1;Homem;1750
2022;3;PR;Atividades Financeiras, de Seguros e Servicos Relacionados;Gerente de Vendas;Empregado - Geral, inclusive o empregado p£blico da administra‡Æo direta ou indireta contratado pela CLT;6;M‚dio Incompleto;36;6;3;Mulher;1480
2022;3;PR;Atividades Financeiras, de Seguros e Servicos Relacionados;Gerente de Vendas;Empregado - Geral, inclusive o empregado p£blico da administra‡Æo direta ou indireta contratado pela CLT;7;Medio Completo ;30;6;1;Homem;2000
2021;5;PR;Atividades Financeiras, de Seguros e Servicos Relacionados;Gerente Administrativo;Empregado - Geral, inclusive o empregado p£blico da administra‡Æo direta ou indireta contratado pela CLT;9;Superior Completo;56;1;3;Mulher;5635.05
2021;2;PR;Atividades Financeiras, de Seguros e Servicos Relacionados;Gerente de Agencia;Empregado - Geral, inclusive o empregado p£blico da administra‡Æo direta ou indireta contratado pela CLT;9;Superior Completo;50;1;1;Homem;9252.29
2021;8;PR;Atividades Financeiras, de Seguros e Servicos Relacionados;Gerente de Vendas;Empregado - Geral, inclusive o empregado p£blico da administra‡Æo direta ou indireta contratado pela CLT;7;Medio Completo ;36;1;1;Homem;2548
2021;7;PR;Atividades Financeiras, de Seguros e Servicos Relacionados;Gerente de Vendas;Empregado - Geral, inclusive o empregado p£blico da administra‡Æo direta ou indireta contratado pela CLT;6;M‚dio Incompleto;37;6;3;Mulher;1480
2021;6;PR;Atividades Financeiras, de Seguros e Servicos Relacionados;Gerente de Vendas;Empregado - Geral, inclusive o empregado p£blico da administra‡Æo direta ou indireta contratado pela CLT;6;M‚dio Incompleto;52;6;1;Homem;1495
2021;8;PR;Atividades Financeiras, de Seguros e Servicos Relacionados;Gerente de Vendas;Empregado - Geral, inclusive o empregado p£blico da administra‡Æo direta ou indireta contratado pela CLT;6;M‚dio Incompleto;37;6;3;Mulher;1480
2021;6;PR;Atividades Financeiras, de Seguros e Servicos Relacionados;Gerente de Vendas;Empregado - Geral, inclusive o empregado p£blico da administra‡Æo direta ou indireta contratado pela CLT;6;M‚dio Incompleto;51;6;1;Homem;1495
2021;12;PR;Atividades Financeiras, de Seguros e Servicos Relacionados;Gerente Administrativo;Empregado - Geral, inclusive o empregado p£blico da administra‡Æo direta ou indireta contratado pela CLT;8;Superior Incompleto;53;1;1;Homem;7498.73
2021;2;PR;Atividades Financeiras, de Seguros e Servicos Relacionados;Gerente Administrativo;Empregado - Geral, inclusive o empregado p£blico da administra‡Æo direta ou indireta contratado pela CLT;9;Superior Completo;48;3;1;Homem;5715.29
2023;4;PR;Atividades Financeiras, de Seguros e Servicos Relacionados;Gerente Comercial;Empregado - Geral, inclusive o empregado p£blico da administra‡Æo direta ou indireta contratado pela CLT;9;Superior Completo;24;3;3;Mulher;3780
2023;6;PR;Atividades Financeiras, de Seguros e Servicos Relacionados;Contador;Empregado - Geral, inclusive o empregado p£blico da administra‡Æo direta ou indireta contratado pela CLT;9;Superior Completo;39;1;1;Homem;5300
2023;6;PR;Atividades Financeiras, de Seguros e Servicos Relacionados;Contador;Empregado - Geral, inclusive o empregado p£blico da administra‡Æo direta ou indireta contratado pela CLT;9;Superior Completo;39;1;1;Homem;5300
2023;6;PR;Atividades Financeiras, de Seguros e Servicos Relacionados;Contador;Empregado - Geral, inclusive o empregado p£blico da administra‡Æo direta ou indireta contratado pela CLT;9;Superior Completo;39;1;1;Homem;5300
2023;6;PR;Atividades Financeiras, de Seguros e Servicos Relacionados;Contador;Empregado - Geral, inclusive o empregado p£blico da administra‡Æo direta ou indireta contratado pela CLT;9;Superior Completo;39;1;1;Homem;5300
2023;6;PR;Atividades Financeiras, de Seguros e Servicos Relacionados;Gerente de Vendas;Empregado - Geral, inclusive o empregado p£blico da administra‡Æo direta ou indireta contratado pela CLT;7;Medio Completo ;28;6;1;Homem;2432
2023;11;PR;Atividades Financeiras, de Seguros e Servicos Relacionados;Gerente Administrativo;Empregado - Geral, inclusive o empregado p£blico da administra‡Æo direta ou indireta contratado pela CLT;7;Medio Completo ;26;1;1;Homem;3980
2020;12;RJ;Atividades Financeiras, de Seguros e Servicos Relacionados;Gerente Comercial;Empregado - Geral, inclusive o empregado p£blico da administra‡Æo direta ou indireta contratado pela CLT;6;M‚dio Incompleto;57;1;1;Homem;13487.23
2020;11;RJ;Atividades Financeiras, de Seguros e Servicos Relacionados;Gerente Comercial;Empregado - Geral, inclusive o empregado p£blico da administra‡Æo direta ou indireta contratado pela CLT;8;Superior Incompleto;39;1;3;Mulher;6807.85
2020;10;RJ;Atividades Financeiras, de Seguros e Servicos Relacionados;Gerente de Agencia;Empregado - Geral, inclusive o empregado p£blico da administra‡Æo direta ou indireta contratado pela CLT;8;Superior Incompleto;42;1;3;Mulher;7715.76
2020;12;RJ;Atividades Financeiras, de Seguros e Servicos Relacionados;Gerente Comercial;Empregado - Geral, inclusive o empregado p£blico da administra‡Æo direta ou indireta contratado pela CLT;9;Superior Completo;56;3;3;Mulher;9271.24
2020;12;RJ;Atividades Financeiras, de Seguros e Servicos Relacionados;Gerente Comercial;Empregado - Geral, inclusive o empregado p£blico da administra‡Æo direta ou indireta contratado pela CLT;8;Superior Incompleto;60;3;1;Homem;20415.16
2020;12;RJ;Atividades Financeiras, de Seguros e Servicos Relacionados;Gerente Comercial;Empregado - Geral, inclusive o empregado p£blico da administra‡Æo direta ou indireta contratado pela CLT;9;Superior Completo;61;1;1;Homem;12094.69
2020;8;RJ;Atividades Financeiras, de Seguros e Servicos Relacionados;Gerente Administrativo;Empregado - Geral, inclusive o empregado p£blico da administra‡Æo direta ou indireta contratado pela CLT;9;Superior Completo;58;1;3;Mulher;4910.62
2020;7;RJ;Atividades Financeiras, de Seguros e Servicos Relacionados;Gerente Administrativo;Empregado - Geral, inclusive o empregado p£blico da administra‡Æo direta ou indireta contratado pela CLT;9;Superior Completo;55;1;1;Homem;8225.38
2020;11;RJ;Atividades Financeiras, de Seguros e Servicos Relacionados;Gerente de Agencia;Empregado - Geral, inclusive o empregado p£blico da administra‡Æo direta ou indireta contratado pela CLT;9;Superior Completo;42;1;3;Mulher;8616.22
2020;12;RJ;Atividades Financeiras, de Seguros e Servicos Relacionados;Gerente Administrativo;Empregado - Geral, inclusive o empregado p£blico da administra‡Æo direta ou indireta contratado pela CLT;9;Superior Completo;64;1;1;Homem;20720
2020;7;RJ;Atividades Financeiras, de Seguros e Servicos Relacionados;Gerente de Agencia;Empregado - Geral, inclusive o empregado p£blico da administra‡Æo direta ou indireta contratado pela CLT;9;Superior Completo;44;1;3;Mulher;9304.52
2020;9;RJ;Atividades Financeiras, de Seguros e Servicos Relacionados;Gerente de Agencia;Empregado - Geral, inclusive o empregado p£blico da administra‡Æo direta ou indireta contratado pela CLT;9;Superior Completo;46;1;1;Homem;13337.92
2022;8;RJ;Atividades Financeiras, de Seguros e Servicos Relacionados;Gerente de Agencia;Empregado - Geral, inclusive o empregado p£blico da administra‡Æo direta ou indireta contratado pela CLT;9;Superior Completo;50;1;1;Homem;13854.04
2022;4;RJ;Atividades Financeiras, de Seguros e Servicos Relacionados;Gerente de Agencia;Empregado - Geral, inclusive o empregado p£blico da administra‡Æo direta ou indireta contratado pela CLT;80;Pos-Graduacao completa;36;1;3;Mulher;8417.82
2022;8;RJ;Atividades Financeiras, de Seguros e Servicos Relacionados;Gerente Administrativo;Empregado - Geral, inclusive o empregado p£blico da administra‡Æo direta ou indireta contratado pela CLT;10;Mestrado;58;3;1;Homem;10147.24
2022;11;RJ;Atividades Financeiras, de Seguros e Servicos Relacionados;Gerente de Agencia;Empregado - Geral, inclusive o empregado p£blico da administra‡Æo direta ou indireta contratado pela CLT;9;Superior Completo;46;1;1;Homem;13537.98
2022;4;RJ;Atividades Financeiras, de Seguros e Servicos Relacionados;Gerente Administrativo;Empregado - Geral, inclusive o empregado p£blico da administra‡Æo direta ou indireta contratado pela CLT;9;Superior Completo;56;1;1;Homem;15759.07
2022;2;RJ;Atividades Financeiras, de Seguros e Servicos Relacionados;Gerente Comercial;Empregado - Geral, inclusive o empregado p£blico da administra‡Æo direta ou indireta contratado pela CLT;9;Superior Completo;34;1;1;Homem;8500
2022;1;RJ;Atividades Financeiras, de Seguros e Servicos Relacionados;Gerente Administrativo;Empregado - Geral, inclusive o empregado p£blico da administra‡Æo direta ou indireta contratado pela CLT;7;Medio Completo ;47;1;3;Mulher;5000
2022;6;RJ;Atividades Financeiras, de Seguros e Servicos Relacionados;Gerente de Vendas;Empregado - Geral, inclusive o empregado p£blico da administra‡Æo direta ou indireta contratado pela CLT;7;Medio Completo ;24;1;1;Homem;2800
2022;6;RJ;Atividades Financeiras, de Seguros e Servicos Relacionados;Gerente de Vendas;Empregado - Geral, inclusive o empregado p£blico da administra‡Æo direta ou indireta contratado pela CLT;7;Medio Completo ;40;6;3;Mulher;2800
2022;6;RJ;Atividades Financeiras, de Seguros e Servicos Relacionados;Gerente de Vendas;Empregado - Geral, inclusive o empregado p£blico da administra‡Æo direta ou indireta contratado pela CLT;7;Medio Completo ;46;6;1;Homem;2800
2022;6;RJ;Atividades Financeiras, de Seguros e Servicos Relacionados;Gerente de Vendas;Empregado - Geral, inclusive o empregado p£blico da administra‡Æo direta ou indireta contratado pela CLT;7;Medio Completo ;47;6;3;Mulher;2800
2022;6;RJ;Atividades Financeiras, de Seguros e Servicos Relacionados;Gerente de Vendas;Empregado - Geral, inclusive o empregado p£blico da administra‡Æo direta ou indireta contratado pela CLT;8;Superior Incompleto;41;1;3;Mulher;2800
2022;8;RJ;Atividades Financeiras, de Seguros e Servicos Relacionados;Diretor Geral de Empresa e Organizacoes (Exceto de Interesse Publico);Empregado - Geral, inclusive o empregado p£blico da administra‡Æo direta ou indireta contratado pela CLT;9;Superior Completo;42;1;1;Homem;5416.2
2022;8;RJ;Atividades Financeiras, de Seguros e Servicos Relacionados;Diretor Geral de Empresa e Organizacoes (Exceto de Interesse Publico);Empregado - Geral, inclusive o empregado p£blico da administra‡Æo direta ou indireta contratado pela CLT;9;Superior Completo;43;1;1;Homem;5416.2
2022;10;RJ;Atividades Financeiras, de Seguros e Servicos Relacionados;Gerente Administrativo;Empregado - Geral, inclusive o empregado p£blico da administra‡Æo direta ou indireta contratado pela CLT;7;Medio Completo ;27;6;1;Homem;2200
2022;6;RJ;Atividades Financeiras, de Seguros e Servicos Relacionados;Gerente Comercial;Empregado - Geral, inclusive o empregado p£blico da administra‡Æo direta ou indireta contratado pela CLT;7;Medio Completo ;31;6;1;Homem;2000
2022;6;RJ;Atividades Financeiras, de Seguros e Servicos Relacionados;Gerente de Marketing;Empregado - Geral, inclusive o empregado p£blico da administra‡Æo direta ou indireta contratado pela CLT;9;Superior Completo;35;6;1;Homem;30000
2022;6;RJ;Atividades Financeiras, de Seguros e Servicos Relacionados;Gerente Comercial;Empregado - Geral, inclusive o empregado p£blico da administra‡Æo direta ou indireta contratado pela CLT;7;Medio Completo ;40;6;1;Homem;1711
2021;9;RJ;Atividades Financeiras, de Seguros e Servicos Relacionados;Gerente Administrativo;Empregado - Geral, inclusive o empregado p£blico da administra‡Æo direta ou indireta contratado pela CLT;9;Superior Completo;36;1;3;Mulher;5661.57
2021;6;RJ;Atividades Financeiras, de Seguros e Servicos Relacionados;Gerente de Vendas;Empregado - Geral, inclusive o empregado p£blico da administra‡Æo direta ou indireta contratado pela CLT;7;Medio Completo ;25;3;3;Mulher;1345.53
2021;1;RJ;Atividades Financeiras, de Seguros e Servicos Relacionados;Gerente Administrativo;Empregado - Geral, inclusive o empregado p£blico da administra‡Æo direta ou indireta contratado pela CLT;9;Superior Completo;49;1;3;Mulher;6670.89
2021;1;RJ;Atividades Financeiras, de Seguros e Servicos Relacionados;Gerente Comercial;Empregado - Geral, inclusive o empregado p£blico da administra‡Æo direta ou indireta contratado pela CLT;9;Superior Completo;49;1;3;Mulher;9838.51
2021;7;RJ;Atividades Financeiras, de Seguros e Servicos Relacionados;Gerente Administrativo;Empregado - Geral, inclusive o empregado p£blico da administra‡Æo direta ou indireta contratado pela CLT;8;Superior Incompleto;51;3;1;Homem;7182.26
2021;12;RJ;Atividades Financeiras, de Seguros e Servicos Relacionados;Gerente Comercial;Empregado - Geral, inclusive o empregado p£blico da administra‡Æo direta ou indireta contratado pela CLT;9;Superior Completo;39;3;1;Homem;1100
2021;4;RJ;Atividades Financeiras, de Seguros e Servicos Relacionados;Gerente de Agencia;Empregado - Geral, inclusive o empregado p£blico da administra‡Æo direta ou indireta contratado pela CLT;9;Superior Completo;49;3;3;Mulher;10365.52
2021;4;RJ;Atividades Financeiras, de Seguros e Servicos Relacionados;Gerente de Agencia;Empregado - Geral, inclusive o empregado p£blico da administra‡Æo direta ou indireta contratado pela CLT;9;Superior Completo;44;1;3;Mulher;9831.55
2021;7;RJ;Atividades Financeiras, de Seguros e Servicos Relacionados;Gerente Administrativo;Empregado - Geral, inclusive o empregado p£blico da administra‡Æo direta ou indireta contratado pela CLT;9;Superior Completo;43;1;1;Homem;7915.31
2021;11;RJ;Atividades Financeiras, de Seguros e Servicos Relacionados;Gerente Administrativo;Empregado - Geral, inclusive o empregado p£blico da administra‡Æo direta ou indireta contratado pela CLT;8;Superior Incompleto;51;1;3;Mulher;6535.78
2021;8;RJ;Atividades Financeiras, de Seguros e Servicos Relacionados;Gerente de Agencia;Empregado - Geral, inclusive o empregado p£blico da administra‡Æo direta ou indireta contratado pela CLT;9;Superior Completo;43;1;3;Mulher;8374.16
2021;7;RJ;Atividades Financeiras, de Seguros e Servicos Relacionados;Gerente de Agencia;Empregado - Geral, inclusive o empregado p£blico da administra‡Æo direta ou indireta contratado pela CLT;9;Superior Completo;43;1;3;Mulher;11434.46
2021;7;RJ;Atividades Financeiras, de Seguros e Servicos Relacionados;Gerente de Producao e Operacoes;Empregado - Geral, inclusive o empregado p£blico da administra‡Æo direta ou indireta contratado pela CLT;7;Medio Completo ;31;6;1;Homem;3135
2021;6;RJ;Atividades Financeiras, de Seguros e Servicos Relacionados;Gerente Financeiro;Empregado - Geral, inclusive o empregado p£blico da administra‡Æo direta ou indireta contratado pela CLT;8;Superior Incompleto;27;2;3;Mulher;1217
2021;2;RJ;Atividades Financeiras, de Seguros e Servicos Relacionados;Gerente de Vendas;Empregado - Geral, inclusive o empregado p£blico da administra‡Æo direta ou indireta contratado pela CLT;9;Superior Completo;39;1;3;Mulher;16000
2021;4;RJ;Atividades Financeiras, de Seguros e Servicos Relacionados;Gerente Administrativo;Empregado - Geral, inclusive o empregado p£blico da administra‡Æo direta ou indireta contratado pela CLT;9;Superior Completo;49;1;1;Homem;5714.63
2021;7;RJ;Atividades Financeiras, de Seguros e Servicos Relacionados;Gerente Administrativo;Empregado - Geral, inclusive o empregado p£blico da administra‡Æo direta ou indireta contratado pela CLT;9;Superior Completo;42;3;3;Mulher;7289.1
2023;4;RJ;Atividades Financeiras, de Seguros e Servicos Relacionados;Gerente Administrativo;Empregado - Geral, inclusive o empregado p£blico da administra‡Æo direta ou indireta contratado pela CLT;80;Pos-Graduacao completa;41;1;3;Mulher;8287.08
2023;11;RJ;Atividades Financeiras, de Seguros e Servicos Relacionados;Gerente Administrativo;Empregado - Geral, inclusive o empregado p£blico da administra‡Æo direta ou indireta contratado pela CLT;9;Superior Completo;35;1;3;Mulher;9516.62
2023;1;RJ;Atividades Financeiras, de Seguros e Servicos Relacionados;Gerente Administrativo;Empregado - Geral, inclusive o empregado p£blico da administra‡Æo direta ou indireta contratado pela CLT;9;Superior Completo;44;1;3;Mulher;8988.57
2023;2;RJ;Atividades Financeiras, de Seguros e Servicos Relacionados;Gerente de Agencia;Empregado - Geral, inclusive o empregado p£blico da administra‡Æo direta ou indireta contratado pela CLT;9;Superior Completo;41;3;3;Mulher;16263.31
2023;4;RJ;Atividades Financeiras, de Seguros e Servicos Relacionados;Gerente de Agencia;Empregado - Geral, inclusive o empregado p£blico da administra‡Æo direta ou indireta contratado pela CLT;9;Superior Completo;39;1;3;Mulher;9090.78
2023;12;RJ;Atividades Financeiras, de Seguros e Servicos Relacionados;Gerente Administrativo;Empregado - Geral, inclusive o empregado p£blico da administra‡Æo direta ou indireta contratado pela CLT;8;Superior Incompleto;36;1;3;Mulher;5440.7
2023;6;RJ;Atividades Financeiras, de Seguros e Servicos Relacionados;Gerente de Agencia;Empregado - Geral, inclusive o empregado p£blico da administra‡Æo direta ou indireta contratado pela CLT;80;P¢s-Gradua‡Æo completa;41;1;3;Mulher;9091.25
2023;8;RJ;Atividades Financeiras, de Seguros e Servicos Relacionados;Diretor Geral de Empresa e Organizacoes (Exceto de Interesse Publico);Empregado - Geral, inclusive o empregado p£blico da administra‡Æo direta ou indireta contratado pela CLT;9;Superior Completo;42;1;1;Homem;54.162.002
2023;2;RJ;Atividades Financeiras, de Seguros e Servicos Relacionados;Gerente de Vendas;Empregado - Geral, inclusive o empregado p£blico da administra‡Æo direta ou indireta contratado pela CLT;7;Medio Completo ;26;3;3;Mulher;3960.5
2021;7;RN;Atividades Financeiras, de Seguros e Servicos Relacionados;Gerente Comercial;Empregado - Geral, inclusive o empregado p£blico da administra‡Æo direta ou indireta contratado pela CLT;9;Superior Completo;55;1;1;Homem;6394.05
2021;4;RN;Atividades Financeiras, de Seguros e Servicos Relacionados;Gerente Administrativo;Empregado - Geral, inclusive o empregado p£blico da administra‡Æo direta ou indireta contratado pela CLT;9;Superior Completo;40;1;1;Homem;5714.63
2021;6;RN;Atividades Financeiras, de Seguros e Servicos Relacionados;Gerente Comercial;Empregado - Geral, inclusive o empregado p£blico da administra‡Æo direta ou indireta contratado pela CLT;9;Superior Completo;57;3;1;Homem;7877.44
2020;8;RO;Atividades Financeiras, de Seguros e Servicos Relacionados;Gerente Administrativo;Empregado - Geral, inclusive o empregado p£blico da administra‡Æo direta ou indireta contratado pela CLT;9;Superior Completo;51;2;1;Homem;4714.31
2021;4;RO;Atividades Financeiras, de Seguros e Servicos Relacionados;Gerente de Agencia;Empregado - Geral, inclusive o empregado p£blico da administra‡Æo direta ou indireta contratado pela CLT;9;Superior Completo;55;1;3;Mulher;11683.93
2021;7;RO;Atividades Financeiras, de Seguros e Servicos Relacionados;Gerente Administrativo;Empregado - Geral, inclusive o empregado p£blico da administra‡Æo direta ou indireta contratado pela CLT;80;Pos-Graduacao completa;34;1;3;Mulher;5661.57
2021;7;RO;Atividades Financeiras, de Seguros e Servicos Relacionados;Gerente Administrativo;Empregado - Geral, inclusive o empregado p£blico da administra‡Æo direta ou indireta contratado pela CLT;80;Pos-Graduacao completa;42;3;1;Homem;5714.63
2021;4;RO;Atividades Financeiras, de Seguros e Servicos Relacionados;Gerente de Agencia;Empregado - Geral, inclusive o empregado p£blico da administra‡Æo direta ou indireta contratado pela CLT;80;Pos-Graduacao completa;46;1;1;Homem;7585.23
2020;12;RS;Atividades Financeiras, de Seguros e Servicos Relacionados;Gerente de Agencia;Empregado - Geral, inclusive o empregado p£blico da administra‡Æo direta ou indireta contratado pela CLT;8;Superior Incompleto;51;1;1;Homem;8388.72
2022;7;RS;Atividades Financeiras, de Seguros e Servicos Relacionados;Gerente de Agencia;Empregado - Geral, inclusive o empregado p£blico da administra‡Æo direta ou indireta contratado pela CLT;9;Superior Completo;45;1;3;Mulher;8590.82
2021;7;RS;Atividades Financeiras, de Seguros e Servicos Relacionados;Gerente de Agencia;Empregado - Geral, inclusive o empregado p£blico da administra‡Æo direta ou indireta contratado pela CLT;9;Superior Completo;50;1;1;Homem;10993.39
2021;10;RS;Atividades Financeiras, de Seguros e Servicos Relacionados;Gerente Administrativo;Empregado - Geral, inclusive o empregado p£blico da administra‡Æo direta ou indireta contratado pela CLT;9;Superior Completo;43;1;1;Homem;7022.38
2021;4;RS;Atividades Financeiras, de Seguros e Servicos Relacionados;Gerente Administrativo;Empregado - Geral, inclusive o empregado p£blico da administra‡Æo direta ou indireta contratado pela CLT;9;Superior Completo;54;1;1;Homem;6367.56
2021;5;RS;Atividades Financeiras, de Seguros e Servicos Relacionados;Diretor Geral de Empresa e Organizacoes (Exceto de Interesse Publico);Empregado - Geral, inclusive o empregado p£blico da administra‡Æo direta ou indireta contratado pela CLT;7;Medio Completo ;33;6;1;Homem;1100
2021;4;RS;Atividades Financeiras, de Seguros e Servicos Relacionados;Gerente de Agencia;Empregado - Geral, inclusive o empregado p£blico da administra‡Æo direta ou indireta contratado pela CLT;80;Pos-Graduacao completa;50;1;3;Mulher;8352.65
2021;10;RS;Atividades Financeiras, de Seguros e Servicos Relacionados;Gerente de Agencia;Empregado - Geral, inclusive o empregado p£blico da administra‡Æo direta ou indireta contratado pela CLT;9;Superior Completo;40;1;1;Homem;7295.3
2021;7;RS;Atividades Financeiras, de Seguros e Servicos Relacionados;Gerente de Agencia;Empregado - Geral, inclusive o empregado p£blico da administra‡Æo direta ou indireta contratado pela CLT;80;Pos-Graduacao completa;45;1;3;Mulher;7738.86
2021;1;RS;Atividades Financeiras, de Seguros e Servicos Relacionados;Gerente de Agencia;Empregado - Geral, inclusive o empregado p£blico da administra‡Æo direta ou indireta contratado pela CLT;9;Superior Completo;49;1;1;Homem;15991.54
2021;1;RS;Atividades Financeiras, de Seguros e Servicos Relacionados;Gerente Administrativo;Empregado - Geral, inclusive o empregado p£blico da administra‡Æo direta ou indireta contratado pela CLT;9;Superior Completo;51;1;3;Mulher;4670.98
2021;7;RS;Atividades Financeiras, de Seguros e Servicos Relacionados;Gerente de Agencia;Empregado - Geral, inclusive o empregado p£blico da administra‡Æo direta ou indireta contratado pela CLT;9;Superior Completo;50;1;3;Mulher;11895.03
2021;9;RS;Atividades Financeiras, de Seguros e Servicos Relacionados;Gerente Administrativo;Empregado - Geral, inclusive o empregado p£blico da administra‡Æo direta ou indireta contratado pela CLT;9;Superior Completo;48;1;3;Mulher;5925.55
2021;12;RS;Atividades Financeiras, de Seguros e Servicos Relacionados;Gerente de Agencia;Empregado - Geral, inclusive o empregado p£blico da administra‡Æo direta ou indireta contratado pela CLT;9;Superior Completo;49;1;3;Mulher;12389.81
2021;8;RS;Atividades Financeiras, de Seguros e Servicos Relacionados;Gerente Administrativo;Empregado - Geral, inclusive o empregado p£blico da administra‡Æo direta ou indireta contratado pela CLT;8;Superior Incompleto;33;1;3;Mulher;4464.37
2021;4;RS;Atividades Financeiras, de Seguros e Servicos Relacionados;Gerente de Agencia;Empregado - Geral, inclusive o empregado p£blico da administra‡Æo direta ou indireta contratado pela CLT;9;Superior Completo;54;1;1;Homem;14040.37
2021;4;RS;Atividades Financeiras, de Seguros e Servicos Relacionados;Gerente de Agencia;Empregado - Geral, inclusive o empregado p£blico da administra‡Æo direta ou indireta contratado pela CLT;80;Pos-Graduacao completa;46;1;3;Mulher;6896.36
2021;8;RS;Atividades Financeiras, de Seguros e Servicos Relacionados;Diretor Administrativo;Empregado - Geral, inclusive o empregado p£blico da administra‡Æo direta ou indireta contratado pela CLT;7;Medio Completo ;47;1;1;Homem;2000
2021;8;RS;Atividades Financeiras, de Seguros e Servicos Relacionados;Diretor Administrativo;Empregado - Geral, inclusive o empregado p£blico da administra‡Æo direta ou indireta contratado pela CLT;7;Medio Completo ;42;1;3;Mulher;2000
2023;10;RS;Atividades Financeiras, de Seguros e Servicos Relacionados;Gerente de Agencia;Empregado - Geral, inclusive o empregado p£blico da administra‡Æo direta ou indireta contratado pela CLT;9;Superior Completo;39;1;1;Homem;11639.9
2023;10;RS;Atividades Financeiras, de Seguros e Servicos Relacionados;Diretor Administrativo;Empregado - Geral, inclusive o empregado p£blico da administra‡Æo direta ou indireta contratado pela CLT;9;Superior Completo;43;1;1;Homem;50000
2021;9;SC;Atividades Financeiras, de Seguros e Servicos Relacionados;Gerente de Agencia;Empregado - Geral, inclusive o empregado p£blico da administra‡Æo direta ou indireta contratado pela CLT;80;Pos-Graduacao completa;45;1;3;Mulher;8851.73
2021;8;SC;Atividades Financeiras, de Seguros e Servicos Relacionados;Gerente Administrativo;Empregado - Geral, inclusive o empregado p£blico da administra‡Æo direta ou indireta contratado pela CLT;9;Superior Completo;52;1;1;Homem;6270.91
2021;8;SC;Atividades Financeiras, de Seguros e Servicos Relacionados;Gerente de Agencia;Empregado - Geral, inclusive o empregado p£blico da administra‡Æo direta ou indireta contratado pela CLT;9;Superior Completo;38;1;3;Mulher;9628.14
2021;7;SC;Atividades Financeiras, de Seguros e Servicos Relacionados;Gerente de Agencia;Empregado - Geral, inclusive o empregado p£blico da administra‡Æo direta ou indireta contratado pela CLT;9;Superior Completo;40;1;1;Homem;8655.66
2021;6;SC;Atividades Financeiras, de Seguros e Servicos Relacionados;Contador;Empregado - Geral, inclusive o empregado p£blico da administra‡Æo direta ou indireta contratado pela CLT;9;Superior Completo;57;6;3;Mulher;8377.53
2021;6;SC;Atividades Financeiras, de Seguros e Servicos Relacionados;Gerente Administrativo;Empregado - Geral, inclusive o empregado p£blico da administra‡Æo direta ou indireta contratado pela CLT;9;Superior Completo;45;6;3;Mulher;8172.95
2021;8;SC;Atividades Financeiras, de Seguros e Servicos Relacionados;Gerente Administrativo;Empregado - Geral, inclusive o empregado p£blico da administra‡Æo direta ou indireta contratado pela CLT;9;Superior Completo;41;6;3;Mulher;1100
2021;8;SC;Atividades Financeiras, de Seguros e Servicos Relacionados;Gerente Administrativo;Empregado - Geral, inclusive o empregado p£blico da administra‡Æo direta ou indireta contratado pela CLT;9;Superior Completo;43;1;1;Homem;1100
2023;7;SC;Atividades Financeiras, de Seguros e Servicos Relacionados;Gerente Comercial;Empregado - Geral, inclusive o empregado p£blico da administra‡Æo direta ou indireta contratado pela CLT;9;Superior Completo;44;4;1;Homem;8387.11
2020;12;SE;Atividades Financeiras, de Seguros e Servicos Relacionados;Gerente de Agencia;Empregado - Geral, inclusive o empregado p£blico da administra‡Æo direta ou indireta contratado pela CLT;9;Superior Completo;42;3;1;Homem;7388.34
2020;12;SP;Atividades Financeiras, de Seguros e Servicos Relacionados;Gerente Administrativo;Empregado - Geral, inclusive o empregado p£blico da administra‡Æo direta ou indireta contratado pela CLT;9;Superior Completo;40;1;1;Homem;6242.25
2020;12;SP;Atividades Financeiras, de Seguros e Servicos Relacionados;Gerente de Agencia;Empregado - Geral, inclusive o empregado p£blico da administra‡Æo direta ou indireta contratado pela CLT;9;Superior Completo;40;1;3;Mulher;12175.59
2020;12;SP;Atividades Financeiras, de Seguros e Servicos Relacionados;Gerente de Agencia;Empregado - Geral, inclusive o empregado p£blico da administra‡Æo direta ou indireta contratado pela CLT;80;Pos-Graduacao completa;48;1;3;Mulher;18277.68
2020;8;SP;Atividades Financeiras, de Seguros e Servicos Relacionados;Gerente Administrativo;Empregado - Geral, inclusive o empregado p£blico da administra‡Æo direta ou indireta contratado pela CLT;9;Superior Completo;50;1;1;Homem;7849.73
2020;7;SP;Atividades Financeiras, de Seguros e Servicos Relacionados;Contador;Empregado - Geral, inclusive o empregado p£blico da administra‡Æo direta ou indireta contratado pela CLT;9;Superior Completo;45;3;1;Homem;8000
2020;11;SP;Atividades Financeiras, de Seguros e Servicos Relacionados;Gerente de Agencia;Empregado - Geral, inclusive o empregado p£blico da administra‡Æo direta ou indireta contratado pela CLT;9;Superior Completo;53;1;1;Homem;12089.63
2020;9;SP;Atividades Financeiras, de Seguros e Servicos Relacionados;Gerente Administrativo;Empregado - Geral, inclusive o empregado p£blico da administra‡Æo direta ou indireta contratado pela CLT;9;Superior Completo;43;1;1;Homem;8474.16
2020;11;SP;Atividades Financeiras, de Seguros e Servicos Relacionados;Contador;Empregado - Geral, inclusive o empregado p£blico da administra‡Æo direta ou indireta contratado pela CLT;8;Superior Incompleto;29;1;1;Homem;3138.89
2020;11;SP;Atividades Financeiras, de Seguros e Servicos Relacionados;Gerente Administrativo;Empregado - Geral, inclusive o empregado p£blico da administra‡Æo direta ou indireta contratado pela CLT;9;Superior Completo;53;1;3;Mulher;4883.35
2020;11;SP;Atividades Financeiras, de Seguros e Servicos Relacionados;Gerente Administrativo;Empregado - Geral, inclusive o empregado p£blico da administra‡Æo direta ou indireta contratado pela CLT;9;Superior Completo;51;1;1;Homem;7242.55
2020;6;SP;Atividades Financeiras, de Seguros e Servicos Relacionados;Gerente Administrativo;Empregado - Geral, inclusive o empregado p£blico da administra‡Æo direta ou indireta contratado pela CLT;9;Superior Completo;25;1;3;Mulher;9500
2020;4;SP;Atividades Financeiras, de Seguros e Servicos Relacionados;Gerente Administrativo;Empregado - Geral, inclusive o empregado p£blico da administra‡Æo direta ou indireta contratado pela CLT;9;Superior Completo;59;1;3;Mulher;9612
2020;4;SP;Atividades Financeiras, de Seguros e Servicos Relacionados;Gerente Comercial;Empregado - Geral, inclusive o empregado p£blico da administra‡Æo direta ou indireta contratado pela CLT;80;Pos-Graduacao completa;41;6;1;Homem;40000
2020;10;SP;Atividades Financeiras, de Seguros e Servicos Relacionados;Diretor Administrativo;Empregado - Geral, inclusive o empregado p£blico da administra‡Æo direta ou indireta contratado pela CLT;9;Superior Completo;44;1;3;Mulher;17857.14
2022;8;SP;Atividades Financeiras, de Seguros e Servicos Relacionados;Gerente Comercial;Empregado - Geral, inclusive o empregado p£blico da administra‡Æo direta ou indireta contratado pela CLT;9;Superior Completo;47;2;3;Mulher;8613.08
2022;11;SP;Atividades Financeiras, de Seguros e Servicos Relacionados;Gerente Administrativo;Empregado - Geral, inclusive o empregado p£blico da administra‡Æo direta ou indireta contratado pela CLT;80;Pos-Graduacao completa;36;3;3;Mulher;7078.26
2022;7;SP;Atividades Financeiras, de Seguros e Servicos Relacionados;Gerente de Agencia;Empregado - Geral, inclusive o empregado p£blico da administra‡Æo direta ou indireta contratado pela CLT;80;Pos-Graduacao completa;48;1;1;Homem;20891.06
2022;9;SP;Atividades Financeiras, de Seguros e Servicos Relacionados;Gerente Administrativo;Empregado - Geral, inclusive o empregado p£blico da administra‡Æo direta ou indireta contratado pela CLT;9;Superior Completo;41;1;3;Mulher;6799.14
2022;10;SP;Atividades Financeiras, de Seguros e Servicos Relacionados;Gerente de Agencia;Empregado - Geral, inclusive o empregado p£blico da administra‡Æo direta ou indireta contratado pela CLT;9;Superior Completo;43;1;3;Mulher;12253.19
2022;12;SP;Atividades Financeiras, de Seguros e Servicos Relacionados;Gerente Administrativo;Empregado - Geral, inclusive o empregado p£blico da administra‡Æo direta ou indireta contratado pela CLT;9;Superior Completo;57;6;1;Homem;6538.03
2022;2;SP;Atividades Financeiras, de Seguros e Servicos Relacionados;Contador;Empregado - Geral, inclusive o empregado p£blico da administra‡Æo direta ou indireta contratado pela CLT;9;Superior Completo;27;1;1;Homem;7000
2022;7;SP;Atividades Financeiras, de Seguros e Servicos Relacionados;Contador;Empregado - Geral, inclusive o empregado p£blico da administra‡Æo direta ou indireta contratado pela CLT;9;Superior Completo;30;1;3;Mulher;3000
2022;7;SP;Atividades Financeiras, de Seguros e Servicos Relacionados;Diretor Administrativo;Empregado - Geral, inclusive o empregado p£blico da administra‡Æo direta ou indireta contratado pela CLT;8;Superior Incompleto;40;3;1;Homem;5500
2022;4;SP;Atividades Financeiras, de Seguros e Servicos Relacionados;Diretor Administrativo;Empregado - Geral, inclusive o empregado p£blico da administra‡Æo direta ou indireta contratado pela CLT;9;Superior Completo;39;1;1;Homem;44083
2022;12;SP;Atividades Financeiras, de Seguros e Servicos Relacionados;Gerente de Servicos de Saude;Empregado - Geral, inclusive o empregado p£blico da administra‡Æo direta ou indireta contratado pela CLT;9;Superior Completo;61;1;3;Mulher;8500
2022;11;SP;Atividades Financeiras, de Seguros e Servicos Relacionados;Gerente Administrativo;Empregado - Geral, inclusive o empregado p£blico da administra‡Æo direta ou indireta contratado pela CLT;7;Medio Completo ;51;1;1;MulherMulher;12000
2022;11;SP;Atividades Financeiras, de Seguros e Servicos Relacionados;Gerente Comercial;Empregado - Geral, inclusive o empregado p£blico da administra‡Æo direta ou indireta contratado pela CLT;9;Superior Completo;59;3;3;Mulher;9396
2022;4;SP;Atividades Financeiras, de Seguros e Servicos Relacionados;Gerente Comercial;Empregado - Geral, inclusive o empregado p£blico da administra‡Æo direta ou indireta contratado pela CLT;7;Medio Completo ;38;1;1;Homem;19711.21
2022;11;SP;Atividades Financeiras, de Seguros e Servicos Relacionados;Diretor Administrativo;Empregado - Geral, inclusive o empregado p£blico da administra‡Æo direta ou indireta contratado pela CLT;9;Superior Completo;45;1;1;Homem;45980
2022;11;SP;Atividades Financeiras, de Seguros e Servicos Relacionados;Gerente Comercial;Empregado - Geral, inclusive o empregado p£blico da administra‡Æo direta ou indireta contratado pela CLT;9;Superior Completo;36;3;1;Homem;14970
2022;11;SP;Atividades Financeiras, de Seguros e Servicos Relacionados;Gerente Comercial;Empregado - Geral, inclusive o empregado p£blico da administra‡Æo direta ou indireta contratado pela CLT;9;Superior Completo;39;1;3;Mulher;17422
2022;11;SP;Atividades Financeiras, de Seguros e Servicos Relacionados;Gerente Administrativo;Empregado - Geral, inclusive o empregado p£blico da administra‡Æo direta ou indireta contratado pela CLT;80;Pos-Graduacao completa;38;1;3;Mulher;20802
2022;11;SP;Atividades Financeiras, de Seguros e Servicos Relacionados;Gerente Administrativo;Empregado - Geral, inclusive o empregado p£blico da administra‡Æo direta ou indireta contratado pela CLT;80;Pos-Graduacao completa;47;5;1;Homem;17185
2022;11;SP;Atividades Financeiras, de Seguros e Servicos Relacionados;Diretor Administrativo;Empregado - Geral, inclusive o empregado p£blico da administra‡Æo direta ou indireta contratado pela CLT;9;Superior Completo;48;1;1;Homem;40233
2022;4;SP;Atividades Financeiras, de Seguros e Servicos Relacionados;Contador;Empregado - Geral, inclusive o empregado p£blico da administra‡Æo direta ou indireta contratado pela CLT;80;Pos-Graduacao completa;45;1;1;Homem;10562.72
2022;1;SP;Atividades Financeiras, de Seguros e Servicos Relacionados;Gerente Comercial;Empregado - Geral, inclusive o empregado p£blico da administra‡Æo direta ou indireta contratado pela CLT;9;Superior Completo;43;1;3;Mulher;9000
2022;11;SP;Atividades Financeiras, de Seguros e Servicos Relacionados;Gerente Comercial;Empregado - Geral, inclusive o empregado p£blico da administra‡Æo direta ou indireta contratado pela CLT;80;Pos-Graduacao completa;43;1;1;Homem;28000
2022;5;SP;Atividades Financeiras, de Seguros e Servicos Relacionados;Gerente de Recursos Humanos;Empregado - Geral, inclusive o empregado p£blico da administra‡Æo direta ou indireta contratado pela CLT;8;Superior Incompleto;25;6;3;Mulher;2000
2022;12;SP;Atividades Financeiras, de Seguros e Servicos Relacionados;Gerente de Marketing;Empregado - Geral, inclusive o empregado p£blico da administra‡Æo direta ou indireta contratado pela CLT;9;Superior Completo;33;1;1;Homem;15282
2022;12;SP;Atividades Financeiras, de Seguros e Servicos Relacionados;Gerente de Recursos Humanos;Empregado - Geral, inclusive o empregado p£blico da administra‡Æo direta ou indireta contratado pela CLT;80;Pos-Graduacao completa;40;1;1;Homem;24096
2022;12;SP;Atividades Financeiras, de Seguros e Servicos Relacionados;Gerente de Recursos Humanos;Empregado - Geral, inclusive o empregado p£blico da administra‡Æo direta ou indireta contratado pela CLT;9;Superior Completo;47;1;3;Mulher;17112
2022;12;SP;Atividades Financeiras, de Seguros e Servicos Relacionados;Gerente de Vendas;Empregado - Geral, inclusive o empregado p£blico da administra‡Æo direta ou indireta contratado pela CLT;9;Superior Completo;47;3;1;Homem;10572
2022;3;SP;Atividades Financeiras, de Seguros e Servicos Relacionados;Gerente Financeiro;Empregado - Geral, inclusive o empregado p£blico da administra‡Æo direta ou indireta contratado pela CLT;8;Superior Incompleto;39;1;3;Mulher;5000
2021;9;SP;Atividades Financeiras, de Seguros e Servicos Relacionados;Gerente Administrativo;Empregado - Geral, inclusive o empregado p£blico da administra‡Æo direta ou indireta contratado pela CLT;9;Superior Completo;49;1;1;Homem;8432.07
2021;1;SP;Atividades Financeiras, de Seguros e Servicos Relacionados;Gerente Comercial;Empregado - Geral, inclusive o empregado p£blico da administra‡Æo direta ou indireta contratado pela CLT;9;Superior Completo;49;1;1;Homem;13286.21
2021;11;SP;Atividades Financeiras, de Seguros e Servicos Relacionados;Gerente Administrativo;Empregado - Geral, inclusive o empregado p£blico da administra‡Æo direta ou indireta contratado pela CLT;7;Medio Completo ;29;6;3;Mulher;3959.4
2021;5;SP;Atividades Financeiras, de Seguros e Servicos Relacionados;Gerente Administrativo;Empregado - Geral, inclusive o empregado p£blico da administra‡Æo direta ou indireta contratado pela CLT;8;Superior Incompleto;32;2;3;Mulher;4409.07
2021;5;SP;Atividades Financeiras, de Seguros e Servicos Relacionados;Gerente Comercial;Empregado - Geral, inclusive o empregado p£blico da administra‡Æo direta ou indireta contratado pela CLT;9;Superior Completo;49;6;1;Homem;11141.52
2021;9;SP;Atividades Financeiras, de Seguros e Servicos Relacionados;Gerente Administrativo;Empregado - Geral, inclusive o empregado p£blico da administra‡Æo direta ou indireta contratado pela CLT;9;Superior Completo;35;1;3;Mulher;6331.83
2021;1;SP;Atividades Financeiras, de Seguros e Servicos Relacionados;Gerente Administrativo;Empregado - Geral, inclusive o empregado p£blico da administra‡Æo direta ou indireta contratado pela CLT;7;Medio Completo ;22;6;1;Homem;50000
2021;4;SP;Atividades Financeiras, de Seguros e Servicos Relacionados;Gerente de Agencia;Empregado - Geral, inclusive o empregado p£blico da administra‡Æo direta ou indireta contratado pela CLT;80;Pos-Graduacao completa;37;1;3;Mulher;7585.22
2021;3;SP;Atividades Financeiras, de Seguros e Servicos Relacionados;Gerente Administrativo;Empregado - Geral, inclusive o empregado p£blico da administra‡Æo direta ou indireta contratado pela CLT;9;Superior Completo;42;1;1;Homem;6242.21
2021;8;SP;Atividades Financeiras, de Seguros e Servicos Relacionados;Gerente de Agencia;Empregado - Geral, inclusive o empregado p£blico da administra‡Æo direta ou indireta contratado pela CLT;9;Superior Completo;49;1;3;Mulher;12035.87
2021;1;SP;Atividades Financeiras, de Seguros e Servicos Relacionados;Gerente Administrativo;Empregado - Geral, inclusive o empregado p£blico da administra‡Æo direta ou indireta contratado pela CLT;9;Superior Completo;32;1;1;Homem;5002.58
2021;2;SP;Atividades Financeiras, de Seguros e Servicos Relacionados;Gerente de Agencia;Empregado - Geral, inclusive o empregado p£blico da administra‡Æo direta ou indireta contratado pela CLT;9;Superior Completo;42;1;1;Homem;7585.23
2021;9;SP;Atividades Financeiras, de Seguros e Servicos Relacionados;Gerente Comercial;Empregado - Geral, inclusive o empregado p£blico da administra‡Æo direta ou indireta contratado pela CLT;9;Superior Completo;36;1;1;Homem;11000
2021;10;SP;Atividades Financeiras, de Seguros e Servicos Relacionados;Contador;Empregado - Geral, inclusive o empregado p£blico da administra‡Æo direta ou indireta contratado pela CLT;9;Superior Completo;23;3;3;Mulher;4019.44
2021;12;SP;Atividades Financeiras, de Seguros e Servicos Relacionados;Diretor Administrativo;Empregado - Geral, inclusive o empregado p£blico da administra‡Æo direta ou indireta contratado pela CLT;9;Superior Completo;58;1;1;Homem;45000
2021;11;SP;Atividades Financeiras, de Seguros e Servicos Relacionados;Gerente Comercial;Empregado - Geral, inclusive o empregado p£blico da administra‡Æo direta ou indireta contratado pela CLT;9;Superior Completo;42;1;3;Mulher;9000
2021;11;SP;Atividades Financeiras, de Seguros e Servicos Relacionados;Gerente Comercial;Empregado - Geral, inclusive o empregado p£blico da administra‡Æo direta ou indireta contratado pela CLT;9;Superior Completo;34;1;1;Homem;9000
2021;11;SP;Atividades Financeiras, de Seguros e Servicos Relacionados;Gerente Comercial;Empregado - Geral, inclusive o empregado p£blico da administra‡Æo direta ou indireta contratado pela CLT;9;Superior Completo;50;1;1;Homem;9000
2021;11;SP;Atividades Financeiras, de Seguros e Servicos Relacionados;Gerente Comercial;Empregado - Geral, inclusive o empregado p£blico da administra‡Æo direta ou indireta contratado pela CLT;9;Superior Completo;40;1;1;Homem;9000
2021;8;SP;Atividades Financeiras, de Seguros e Servicos Relacionados;Gerente Comercial;Empregado - Geral, inclusive o empregado p£blico da administra‡Æo direta ou indireta contratado pela CLT;9;Superior Completo;40;1;3;Mulher;9000
2021;11;SP;Atividades Financeiras, de Seguros e Servicos Relacionados;Gerente Comercial;Empregado - Geral, inclusive o empregado p£blico da administra‡Æo direta ou indireta contratado pela CLT;9;Superior Completo;38;2;1;Homem;9000
2021;1;SP;Atividades Financeiras, de Seguros e Servicos Relacionados;Gerente Comercial;Empregado - Geral, inclusive o empregado p£blico da administra‡Æo direta ou indireta contratado pela CLT;8;Superior Incompleto;40;1;3;Mulher;7261.67
2021;7;SP;Atividades Financeiras, de Seguros e Servicos Relacionados;Diretor Administrativo;Empregado - Geral, inclusive o empregado p£blico da administra‡Æo direta ou indireta contratado pela CLT;9;Superior Completo;24;1;1;Homem;8000
2021;4;SP;Atividades Financeiras, de Seguros e Servicos Relacionados;Gerente Administrativo;Empregado - Geral, inclusive o empregado p£blico da administra‡Æo direta ou indireta contratado pela CLT;80;Pos-Graduacao completa;50;1;3;Mulher;6118.35
2023;7;SP;Atividades Financeiras, de Seguros e Servicos Relacionados;Gerente Administrativo;Empregado - Geral, inclusive o empregado p£blico da administra‡Æo direta ou indireta contratado pela CLT;9;Superior Completo;47;1;3;Mulher;8149.64
2023;10;SP;Atividades Financeiras, de Seguros e Servicos Relacionados;Gerente Administrativo;Empregado - Geral, inclusive o empregado p£blico da administra‡Æo direta ou indireta contratado pela CLT;8;Superior Incompleto;28;1;3;Mulher;5153.45
2023;8;SP;Atividades Financeiras, de Seguros e Servicos Relacionados;Gerente Administrativo;Empregado - Geral, inclusive o empregado p£blico da administra‡Æo direta ou indireta contratado pela CLT;9;Superior Completo;35;1;1;Homem;85.269.004
2023;11;SP;Atividades Financeiras, de Seguros e Servicos Relacionados;Gerente Administrativo;Empregado - Geral, inclusive o empregado p£blico da administra‡Æo direta ou indireta contratado pela CLT;9;Superior Completo;35;1;1;Homem;28000
2023;6;SP;Atividades Financeiras, de Seguros e Servicos Relacionados;Gerente Administrativo;Empregado - Geral, inclusive o empregado p£blico da administra‡Æo direta ou indireta contratado pela CLT;9;Superior Completo;48;1;1;Homem;8000
2023;5;SP;Atividades Financeiras, de Seguros e Servicos Relacionados;Gerente Comercial;Empregado - Geral, inclusive o empregado p£blico da administra‡Æo direta ou indireta contratado pela CLT;80;Pos-Graduacao completa;31;1;1;Homem;10390
2023;9;SP;Atividades Financeiras, de Seguros e Servicos Relacionados;Gerente Financeiro;Empregado - Geral, inclusive o empregado p£blico da administra‡Æo direta ou indireta contratado pela CLT;80;Pos-Graduacao completa;30;1;1;Homem;15000
2023;2;SP;Atividades Financeiras, de Seguros e Servicos Relacionados;Diretor Geral de Empresa e Organizacoes (Exceto de Interesse Publico);Empregado - Geral, inclusive o empregado p£blico da administra‡Æo direta ou indireta contratado pela CLT;9;Superior Completo;56;1;1;Homem;100000
2023;7;SP;Atividades Financeiras, de Seguros e Servicos Relacionados;Gerente de Recursos Humanos;Empregado - Geral, inclusive o empregado p£blico da administra‡Æo direta ou indireta contratado pela CLT;10;Mestrado;42;4;3;Mulher;31737.89
2023;1;SP;Atividades Financeiras, de Seguros e Servicos Relacionados;Gerente de Marketing;Empregado - Geral, inclusive o empregado p£blico da administra‡Æo direta ou indireta contratado pela CLT;80;Pos-Graduacao completa;31;1;1;Homem;13103
2023;1;SP;Atividades Financeiras, de Seguros e Servicos Relacionados;Gerente Administrativo;Empregado - Geral, inclusive o empregado p£blico da administra‡Æo direta ou indireta contratado pela CLT;80;Pos-Graduacao completa;52;1;1;Homem;36585
2023;1;SP;Atividades Financeiras, de Seguros e Servicos Relacionados;Gerente de Vendas;Empregado - Geral, inclusive o empregado p£blico da administra‡Æo direta ou indireta contratado pela CLT;9;Superior Completo;43;1;3;Mulher;10116
2023;1;SP;Atividades Financeiras, de Seguros e Servicos Relacionados;Gerente de Marketing;Empregado - Geral, inclusive o empregado p£blico da administra‡Æo direta ou indireta contratado pela CLT;9;Superior Completo;30;1;1;Homem;15258
2023;1;SP;Atividades Financeiras, de Seguros e Servicos Relacionados;Contador;Empregado - Geral, inclusive o empregado p£blico da administra‡Æo direta ou indireta contratado pela CLT;9;Superior Completo;45;1;1;Homem;32014.64
2023;2;SP;Atividades Financeiras, de Seguros e Servicos Relacionados;Gerente Administrativo;Empregado - Geral, inclusive o empregado p£blico da administra‡Æo direta ou indireta contratado pela CLT;7;Medio Completo;19;1;1;Homem;1860
2023;1;SP;Atividades Financeiras, de Seguros e Servicos Relacionados;Gerente de Marketing;Empregado - Geral, inclusive o empregado p£blico da administra‡Æo direta ou indireta contratado pela CLT;80;Pos-Graduacao completa;32;1;3;Mulher;7557
2023;1;SP;Atividades Financeiras, de Seguros e Servicos Relacionados;Gerente de Recursos Humanos;Empregado - Geral, inclusive o empregado p£blico da administra‡Æo direta ou indireta contratado pela CLT;9;Superior Completo;35;1;3;Mulher;13000
2023;1;SP;Atividades Financeiras, de Seguros e Servicos Relacionados;Gerente Administrativo;Empregado - Geral, inclusive o empregado p£blico da administra‡Æo direta ou indireta contratado pela CLT;80;Pos-Graduacao completa;42;1;1;Homem;26500
2023;1;SP;Atividades Financeiras, de Seguros e Servicos Relacionados;Gerente de Vendas;Empregado - Geral, inclusive o empregado p£blico da administra‡Æo direta ou indireta contratado pela CLT;9;Superior Completo;34;1;1;Homem;3480
2023;1;SP;Atividades Financeiras, de Seguros e Servicos Relacionados;Gerente de Marketing;Empregado - Geral, inclusive o empregado p£blico da administra‡Æo direta ou indireta contratado pela CLT;9;Superior Completo;47;1;1;Homem;24000
2023;1;SP;Atividades Financeiras, de Seguros e Servicos Relacionados;Gerente de Marketing;Empregado - Geral, inclusive o empregado p£blico da administra‡Æo direta ou indireta contratado pela CLT;9;Superior Completo;34;3;3;Mulher;7557
2020;12;TO;Atividades Financeiras, de Seguros e Servicos Relacionados;Gerente Administrativo;Empregado - Geral, inclusive o empregado p£blico da administra‡Æo direta ou indireta contratado pela CLT;7;Medio Completo;27;6;3;Mulher;1045
