Data;Vencimento;Comanda;Categoria;Descrição;Realizado;Valor
30/12/2021;31/12/2021;10007;Pagamento;Cielo débito master;Não;R$ 226,00
;;;;;;
30/12/2021;31/12/2021;10005;Pagamento;Cielo crédito á vista visa;Não;R$ 226,00
;;;;;;
;;;;;;
30/12/2021;31/12/2021;10003;Pagamento;Cielo débito master;Não;R$ 12,00
;;;;;;
30/12/2021;31/12/2021;10002;Pagamento;Cielo crédito á vista master;Não;R$ 72,00
;;;;;;
;;;;;;
30/12/2021;31/12/2021;9999;Pagamento;Cielo crédito á vista visa;Não;R$ 153,00
;;;;;;
;;;;;;
30/12/2021;31/12/2021;9994;Pagamento;Cielo débito master;Não;R$ 150,00
;;;;;;
30/12/2021;30/12/2021;10009;Pagamento;transferência bancaria;Sim;R$ 316,00
30/12/2021;30/12/2021;9997;Pagamento;transferência bancaria;Sim;R$ 10,00
29/12/2021;30/12/2021;9996;Pagamento;Cielo débito visa;Não;R$ 136,65
;;;;;;
29/12/2021;30/12/2021;9993;Pagamento;Cielo crédito á vista master;Não;R$ 90,00
;;;;;;
;;;;;;
29/12/2021;30/12/2021;9992;Pagamento;Cielo crédito á vista master;Não;R$ 84,80
;;;;;;
;;;;;;
29/12/2021;30/12/2021;9991;Pagamento;Cielo crédito á vista master;Não;R$ 91,17
;;;;;;
;;;;;;
29/12/2021;30/12/2021;9986;Pagamento;Cielo débito master;Não;R$ 287,00
;;;;;;
29/12/2021;29/12/2021;9995;Pagamento;Link mercado pago - 6x antec.;Não;R$ 171,00
;;;;;;
;;;;;;
;;;;;;
;;;;;;
28/12/2021;28/12/2021;9985;Pagamento;Dinheiro;Sim;R$ 10,00
28/12/2021;28/12/2021;9982;Pagamento;transferência bancaria;Sim;R$ 105,00
28/12/2021;28/12/2021;9980;Pagamento;transferência bancaria;Sim;R$ 36,33
28/12/2021;28/12/2021;9979;Pagamento;transferência bancaria;Sim;R$ 36,33
28/12/2021;28/12/2021;9975;Pagamento;transferência bancaria;Sim;R$ 212,00
28/12/2021;28/12/2021;9972;Pagamento;Dinheiro;Sim;R$ 100,00
27/12/2021;27/12/2021;9971;Pagamento;Dinheiro;Sim;R$ 10,00
27/12/2021;27/12/2021;9971;Pagamento;transferência bancaria;Sim;R$ 60,00
27/12/2021;27/12/2021;9970;Pagamento;transferência bancaria;Sim;R$ 43,35
27/12/2021;27/12/2021;9969;Pagamento;transferência bancaria;Sim;R$ 313,50
27/12/2021;27/12/2021;9968;Pagamento;transferência bancaria;Sim;R$ 313,50
27/12/2021;27/12/2021;9967;Pagamento;transferência bancaria;Sim;R$ 313,50
24/12/2021;25/12/2021;9962;Pagamento;Cielo débito elo;Não;R$ 117,00
;;;;;;
23/12/2021;24/12/2021;9960;Pagamento;Cielo crédito á vista master;Não;R$ 85,00
;;;;;;
;;;;;;
23/12/2021;23/12/2021;9954;Pagamento;transferência bancaria;Sim;R$ 117,00
23/12/2021;23/12/2021;9953;Pagamento;transferência bancaria;Sim;R$ 218,00
23/12/2021;23/12/2021;9952;Pagamento;Link mercado pago - 6x antec.;Não;R$ 171,00
;;;;;;
;;;;;;
23/12/2021;23/12/2021;9951;Pagamento;Link mercado pago - 6x antec.;Não;R$ 171,00
;;;;;;
;;;;;;
22/12/2021;23/12/2021;9946;Pagamento;Cielo crédito á vista visa;Não;R$ 85,00
;;;;;;
;;;;;;
22/12/2021;23/12/2021;9941;Pagamento;Cielo crédito á vista master;Não;R$ 117,00
;;;;;;
;;;;;;
;;;;;;
22/12/2021;22/12/2021;9944;Pagamento;transferência bancaria;Sim;R$ 205,00
22/12/2021;22/12/2021;9943;Pagamento;transferência bancaria;Sim;R$ 205,00
22/12/2021;22/12/2021;9942;Pagamento;transferência bancaria;Sim;R$ 255,00
21/12/2021;21/12/2021;9940;Pagamento;transferência bancaria;Sim;R$ 209,00
20/12/2021;21/12/2021;9938;Pagamento;Cielo débito master;Não;R$ 158,00
;;;;;;
20/12/2021;21/12/2021;9937;Pagamento;Cielo débito master;Não;R$ 21,00
;;;;;;
20/12/2021;21/12/2021;9934;Pagamento;Cielo crédito á vista amex;Não;R$ 24,00
;;;;;;
;;;;;;
;;;;;;
;;;;;;
19/12/2021;19/12/2021;9931;Pagamento;transferência bancaria;Sim;R$ 170,00
18/12/2021;19/12/2021;9927;Pagamento;Cielo crédito á vista visa;Não;R$ 117,00
;;;;;;
;;;;;;
18/12/2021;19/12/2021;9924;Pagamento;Cielo débito visa;Não;R$ 117,00
;;;;;;
18/12/2021;19/12/2021;9900;Pagamento;Cielo débito visa;Não;R$ 100,00
;;;;;;
;;;;;;
17/12/2021;17/12/2021;9896;Pagamento;Jmps;Sim;R$ 548,00
17/12/2021;17/12/2021;9895;Pagamento;Jmps;Sim;R$ 548,00
17/12/2021;17/12/2021;9894;Pagamento;transferência bancaria;Sim;R$ 185,00
;;;;;;
16/12/2021;16/12/2021;9890;Pagamento;transferência bancaria;Sim;R$ 21,00
16/12/2021;16/12/2021;9889;Pagamento;transferência bancaria;Sim;R$ 192,00
;;;;;;
15/12/2021;15/12/2021;9891;Pagamento;transferência bancaria;Sim;R$ 117,00
15/12/2021;15/12/2021;9887;Pagamento;transferência bancaria;Sim;R$ 117,00
15/12/2021;15/12/2021;9886;Pagamento;Dinheiro;Sim;R$ 17,00
15/12/2021;15/12/2021;9885;Pagamento;Dinheiro;Sim;R$ 20,00
14/12/2021;15/12/2021;9883;Pagamento;Cielo crédito parcelado master - 3x antec.;Não;R$ 142,50
;;;;;;
;;;;;;
14/12/2021;15/12/2021;9882;Pagamento;Cielo crédito parcelado master - 3x antec.;Não;R$ 142,50
;;;;;;
;;;;;;
14/12/2021;14/12/2021;9880;Pagamento;transferência bancaria;Sim;R$ 264,00
14/12/2021;14/12/2021;9879;Pagamento;transferência bancaria;Sim;R$ 264,00
14/12/2021;14/12/2021;9878;Pagamento;Kz Troks;Não;R$ 548,00
;;;;;;
14/12/2021;14/12/2021;9877;Pagamento;Kz Troks;Não;R$ 548,00
;;;;;;
13/12/2021;14/12/2021;9876;Pagamento;Cielo crédito parcelado master - 3x antec.;Não;R$ 230,00
;;;;;;
;;;;;;
13/12/2021;14/12/2021;9875;Pagamento;Cielo crédito á vista master;Não;R$ 127,00
;;;;;;
;;;;;;
13/12/2021;14/12/2021;9874;Pagamento;Cielo crédito á vista master;Não;R$ 127,00
;;;;;;
;;;;;;
12/12/2021;13/12/2021;9871;Pagamento;Cielo crédito á vista master;Não;R$ 117,00
;;;;;;
;;;;;;
12/12/2021;13/12/2021;9870;Pagamento;Cielo crédito á vista master;Não;R$ 117,00
;;;;;;
;;;;;;
11/12/2021;12/12/2021;9868;Pagamento;Cielo débito master;Não;R$ 5,00
;;;;;;
11/12/2021;12/12/2021;9867;Pagamento;Cielo débito master;Não;R$ 5,00
;;;;;;
11/12/2021;12/12/2021;9866;Pagamento;Cielo débito master;Não;R$ 5,00
;;;;;;
11/12/2021;12/12/2021;9864;Pagamento;Cielo débito visa;Não;R$ 5,00
;;;;;;
11/12/2021;12/12/2021;9863;Pagamento;Cielo débito visa;Não;R$ 15,00
;;;;;;
11/12/2021;12/12/2021;9862;Pagamento;Cielo crédito á vista visa;Não;R$ 42,00
;;;;;;
;;;;;;
10/12/2021;11/12/2021;9861;Pagamento;Cielo débito master;Não;R$ 119,00
;;;;;;
10/12/2021;11/12/2021;9860;Pagamento;Cielo débito master;Não;R$ 119,00
;;;;;;
10/12/2021;11/12/2021;9855;Pagamento;Cielo crédito á vista master;Não;R$ 104,00
;;;;;;
;;;;;;
10/12/2021;11/12/2021;9854;Pagamento;Cielo crédito á vista visa;Não;R$ 104,00
;;;;;;
;;;;;;
10/12/2021;11/12/2021;9853;Pagamento;Cielo crédito á vista master;Não;R$ 5,00
;;;;;;
;;;;;;
;;;;;;
10/12/2021;10/12/2021;9858;Pagamento;transferência bancaria;Sim;R$ 185,00
09/12/2021;10/12/2021;9852;Pagamento;Cielo débito master;Não;R$ 191,00
;;;;;;
09/12/2021;10/12/2021;9851;Pagamento;Cielo débito master;Não;R$ 191,00
;;;;;;
;;;;;;
08/12/2021;08/12/2021;9849;Pagamento;Dinheiro;Sim;R$ 130,00
08/12/2021;08/12/2021;9848;Pagamento;transferência bancaria;Sim;R$ 76,95
08/12/2021;08/12/2021;9847;Pagamento;transferência bancaria;Sim;R$ 76,50
08/12/2021;08/12/2021;9843;Pagamento;transferência bancaria;Sim;R$ 4.800,00
08/12/2021;08/12/2021;9842;Pagamento;transferência bancaria;Sim;R$ 160,00
08/12/2021;08/12/2021;9841;Pagamento;transferência bancaria;Sim;R$ 171,00
08/12/2021;08/12/2021;9840;Pagamento;transferência bancaria;Sim;R$ 232,00
08/12/2021;08/12/2021;9839;Pagamento;transferência bancaria;Sim;R$ 126,00
07/12/2021;08/12/2021;9838;Pagamento;Cielo crédito á vista master;Não;R$ 50,00
;;;;;;
;;;;;;
07/12/2021;08/12/2021;9834;Pagamento;Cielo crédito á vista master;Não;R$ 220,00
;;;;;;
;;;;;;
07/12/2021;07/12/2021;9837;Pagamento;Dinheiro;Sim;R$ 130,00
06/12/2021;06/12/2021;9828;Pagamento;transferência bancaria;Sim;R$ 104,00
06/12/2021;06/12/2021;9827;Pagamento;Dinheiro;Sim;R$ 21,00
05/12/2021;06/12/2021;9822;Pagamento;Cielo débito master;Não;R$ 10,00
;;;;;;
05/12/2021;06/12/2021;9821;Pagamento;Cielo débito master;Não;R$ 10,00
;;;;;;
05/12/2021;06/12/2021;9816;Pagamento;Cielo débito visa;Não;R$ 20,00
;;;;;;
04/12/2021;05/12/2021;9824;Pagamento;Cielo crédito á vista master;Não;R$ 76,50
;;;;;;
;;;;;;
04/12/2021;05/12/2021;9823;Pagamento;Cielo crédito á vista master;Não;R$ 76,50
;;;;;;
;;;;;;
04/12/2021;05/12/2021;9820;Pagamento;Cielo débito visa;Não;R$ 110,00
;;;;;;
04/12/2021;05/12/2021;9815;Pagamento;Cielo crédito á vista visa;Não;R$ 110,50
;;;;;;
;;;;;;
04/12/2021;05/12/2021;9814;Pagamento;Cielo crédito á vista visa;Não;R$ 110,50
;;;;;;
;;;;;;
04/12/2021;05/12/2021;9809;Pagamento;Cielo crédito parcelado visa - 6x antec.;Não;R$ 130,00
;;;;;;
;;;;;;
03/12/2021;04/12/2021;9825;Pagamento;Cielo crédito parcelado master - 6x antec.;Não;R$ 130,00
;;;;;;
;;;;;;
04/12/2021;04/12/2021;9822;Pagamento;transferência bancaria;Sim;R$ 174,00
04/12/2021;04/12/2021;9821;Pagamento;transferência bancaria;Sim;R$ 174,00
03/12/2021;04/12/2021;9808;Pagamento;Cielo débito master;Não;R$ 200,00
;;;;;;
03/12/2021;04/12/2021;9806;Pagamento;Cielo crédito parcelado visa - 6x antec.;Não;R$ 580,00
;;;;;;
;;;;;;
03/12/2021;04/12/2021;9805;Pagamento;Cielo crédito parcelado visa - 6x antec.;Não;R$ 286,00
;;;;;;
;;;;;;
03/12/2021;04/12/2021;9804;Pagamento;Cielo crédito parcelado visa - 6x antec.;Não;R$ 286,00
;;;;;;
;;;;;;
03/12/2021;04/12/2021;9796;Pagamento;Cielo débito master;Não;R$ 170,00
;;;;;;
03/12/2021;04/12/2021;9793;Pagamento;Cielo débito visa;Não;R$ 154,00
;;;;;;
03/12/2021;04/12/2021;9792;Pagamento;Cielo débito elo;Não;R$ 154,00
;;;;;;
03/12/2021;04/12/2021;9791;Pagamento;Cielo débito master;Não;R$ 149,00
;;;;;;
;;;;;;
03/12/2021;03/12/2021;9807;Pagamento;transferência bancaria;Sim;R$ 162,00
03/12/2021;03/12/2021;9802;Pagamento;transferência bancaria;Sim;R$ 47,00
03/12/2021;03/12/2021;9795;Pagamento;Kz Troks;Não;R$ 270,00
;;;;;;
03/12/2021;03/12/2021;9794;Pagamento;Kz Troks;Não;R$ 270,00
;;;;;;
;;;;;;
01/12/2021;02/12/2021;9788;Pagamento;Cielo crédito parcelado master - 12x antec.;Não;R$ 1.635,00
;;;;;;
;;;;;;
01/12/2021;02/12/2021;9787;Pagamento;Cielo crédito parcelado visa - 2x antec.;Não;R$ 150,00
;;;;;;
;;;;;;
01/12/2021;02/12/2021;9786;Pagamento;Cielo crédito parcelado visa - 2x antec.;Não;R$ 150,00
;;;;;;
;;;;;;
01/12/2021;02/12/2021;9785;Pagamento;Cielo crédito parcelado visa - 2x antec.;Não;R$ 150,00
;;;;;;
;;;;;;
01/12/2021;02/12/2021;9784;Pagamento;Cielo crédito parcelado visa - 2x antec.;Não;R$ 150,00
;;;;;;
;;;;;;
01/12/2021;02/12/2021;9783;Pagamento;Cielo crédito parcelado visa - 2x antec.;Não;R$ 150,00
;;;;;;
;;;;;;
01/12/2021;02/12/2021;9782;Pagamento;Cielo crédito parcelado visa - 2x antec.;Não;R$ 150,00
;;;;;;
;;;;;;
30/11/2021;01/12/2021;9776;Pagamento;Cielo crédito parcelado visa - 2x antec.;Não;R$ 220,00
;;;;;;
;;;;;;
30/11/2021;01/12/2021;9770;Pagamento;Cielo crédito parcelado elo - 2x antec.;Não;R$ 264,00
;;;;;;
;;;;;;
30/11/2021;30/11/2021;9779;Pagamento;Dinheiro;Sim;R$ 48,00
30/11/2021;30/11/2021;9777;Pagamento;transferência bancaria;Sim;R$ 220,00
29/11/2021;30/11/2021;9767;Pagamento;Cielo crédito parcelado visa - 3x antec.;Não;R$ 580,00
;;;;;;
;;;;;;
29/11/2021;29/11/2021;9769;Pagamento;transferência bancaria;Sim;R$ 125,00
29/11/2021;29/11/2021;9768;Pagamento;transferência bancaria;Sim;R$ 130,00
28/11/2021;29/11/2021;9766;Pagamento;Cielo crédito á vista visa;Não;R$ 120,00
;;;;;;
;;;;;;
28/11/2021;29/11/2021;9765;Pagamento;Cielo crédito á vista visa;Não;R$ 10,00
;;;;;;
;;;;;;
28/11/2021;29/11/2021;9754;Pagamento;Cielo débito master;Não;R$ 195,50
;;;;;;
28/11/2021;29/11/2021;9753;Pagamento;Cielo crédito á vista visa;Não;R$ 110,50
;;;;;;
;;;;;;
28/11/2021;28/11/2021;9764;Pagamento;Dinheiro;Sim;R$ 110,50
28/11/2021;28/11/2021;9762;Pagamento;transferência bancaria;Sim;R$ 540,00
27/11/2021;28/11/2021;9761;Pagamento;Cielo crédito á vista master;Não;R$ 70,00
;;;;;;
;;;;;;
27/11/2021;28/11/2021;9760;Pagamento;Cielo crédito á vista master;Não;R$ 150,00
;;;;;;
;;;;;;
27/11/2021;28/11/2021;9756;Pagamento;Cielo crédito á vista visa;Não;R$ 117,00
;;;;;;
;;;;;;
28/11/2021;28/11/2021;9752;Pagamento;Dinheiro;Sim;R$ 150,00
28/11/2021;28/11/2021;9749;Pagamento;Dinheiro;Sim;R$ 10,70
27/11/2021;28/11/2021;9749;Pagamento;Cielo crédito á vista visa;Não;R$ 72,00
;;;;;;
;;;;;;
27/11/2021;28/11/2021;9748;Pagamento;Cielo débito elo;Não;R$ 4,00
;;;;;;
27/11/2021;27/11/2021;9761;Pagamento;transferência bancaria;Sim;R$ 106,00
27/11/2021;27/11/2021;9759;Pagamento;transferência bancaria;Sim;R$ 98,00
27/11/2021;27/11/2021;9758;Pagamento;transferência bancaria;Sim;R$ 80,00
26/11/2021;27/11/2021;9750;Pagamento;Cielo crédito parcelado master - 3x antec.;Não;R$ 279,00
;;;;;;
;;;;;;
27/11/2021;27/11/2021;9748;Pagamento;Dinheiro;Sim;R$ 100,00
26/11/2021;27/11/2021;9740;Pagamento;Cielo crédito á vista master;Não;R$ 144,00
;;;;;;
;;;;;;
26/11/2021;27/11/2021;9739;Pagamento;Cielo crédito á vista master;Não;R$ 144,00
;;;;;;
;;;;;;
26/11/2021;27/11/2021;9736;Pagamento;Cielo crédito parcelado master - 3x antec.;Não;R$ 1.485,00
;;;;;;
;;;;;;
26/11/2021;27/11/2021;9735;Pagamento;Cielo crédito parcelado amex - 6x antec.;Não;R$ 495,00
;;;;;;
;;;;;;
;;;;;;
26/11/2021;26/11/2021;9743;Pagamento;transferência bancaria;Sim;R$ 144,00
26/11/2021;26/11/2021;9742;Pagamento;transferência bancaria;Sim;R$ 144,00
26/11/2021;26/11/2021;9741;Pagamento;transferência bancaria;Sim;R$ 144,00
26/11/2021;26/11/2021;9738;Pagamento;transferência bancaria;Sim;R$ 70,00
26/11/2021;26/11/2021;9737;Pagamento;transferência bancaria;Sim;R$ 70,00
25/11/2021;26/11/2021;9734;Pagamento;Cielo crédito á vista visa;Não;R$ 136,00
;;;;;;
;;;;;;
25/11/2021;26/11/2021;9731;Pagamento;Cielo crédito á vista master;Não;R$ 50,70
;;;;;;
;;;;;;
25/11/2021;26/11/2021;9729;Pagamento;Cielo crédito parcelado visa - 6x antec.;Não;R$ 495,00
;;;;;;
;;;;;;
25/11/2021;26/11/2021;9728;Pagamento;Cielo débito visa;Não;R$ 495,00
;;;;;;
25/11/2021;25/11/2021;9727;Pagamento;transferência bancaria;Sim;R$ 85,00
25/11/2021;25/11/2021;9726;Pagamento;transferência bancaria;Sim;R$ 95,00
25/11/2021;25/11/2021;9725;Pagamento;transferência bancaria;Sim;R$ 95,00
24/11/2021;25/11/2021;9723;Pagamento;Cielo crédito á vista visa;Não;R$ 205,00
;;;;;;
;;;;;;
;;;;;;
24/11/2021;24/11/2021;9724;Pagamento;transferência bancaria;Sim;R$ 80,00
24/11/2021;24/11/2021;9722;Pagamento;transferência bancaria;Sim;R$ 100,00
24/11/2021;24/11/2021;9721;Pagamento;transferência bancaria;Sim;R$ 100,00
23/11/2021;24/11/2021;9719;Pagamento;Cielo crédito á vista visa;Não;R$ 234,00
;;;;;;
;;;;;;
;;;;;;
23/11/2021;23/11/2021;9717;Pagamento;transferência bancaria;Sim;R$ 200,00
20/11/2021;21/11/2021;9710;Pagamento;Cielo crédito á vista amex;Não;R$ 680,00
;;;;;;
;;;;;;
20/11/2021;20/11/2021;9714;Pagamento;Dinheiro;Sim;R$ 100,00
20/11/2021;20/11/2021;9713;Pagamento;Dinheiro;Sim;R$ 100,00
19/11/2021;19/11/2021;9707;Pagamento;Link mercado pago - 6x antec.;Não;R$ 495,00
;;;;;;
;;;;;;
19/11/2021;19/11/2021;9706;Pagamento;Link mercado pago - 6x antec.;Não;R$ 59,00
;;;;;;
;;;;;;
19/11/2021;19/11/2021;9703;Pagamento;transferência bancaria;Sim;R$ 30,00
19/11/2021;19/11/2021;9702;Pagamento;transferência bancaria;Sim;R$ 141,00
19/11/2021;19/11/2021;9701;Pagamento;Link mercado pago - 2x antec.;Não;R$ 200,00
;;;;;;
;;;;;;
18/11/2021;19/11/2021;9700;Pagamento;Cielo crédito á vista visa;Não;R$ 72,00
;;;;;;
;;;;;;
18/11/2021;19/11/2021;9693;Pagamento;Cielo crédito á vista visa;Não;R$ 247,00
;;;;;;
;;;;;;
18/11/2021;19/11/2021;9692;Pagamento;Cielo crédito á vista visa;Não;R$ 247,00
;;;;;;
;;;;;;
18/11/2021;18/11/2021;9699;Pagamento;Link mercado pago - 3x antec.;Não;R$ 130,00
;;;;;;
;;;;;;
18/11/2021;18/11/2021;9698;Pagamento;Link mercado pago - 3x antec.;Não;R$ 130,00
;;;;;;
;;;;;;
18/11/2021;18/11/2021;9694;Pagamento;Dinheiro;Sim;R$ 21,00
;;;;;;
;;;;;;
17/11/2021;17/11/2021;9695;Pagamento;transferência bancaria;Sim;R$ 250,00
16/11/2021;17/11/2021;9687;Pagamento;Cielo crédito parcelado master - 6x antec.;Não;R$ 1.130,00
;;;;;;
;;;;;;
16/11/2021;17/11/2021;9686;Pagamento;Cielo crédito parcelado master - 4x antec.;Não;R$ 220,00
;;;;;;
;;;;;;
16/11/2021;17/11/2021;9685;Pagamento;Cielo crédito parcelado master - 4x antec.;Não;R$ 220,00
;;;;;;
;;;;;;
16/11/2021;17/11/2021;9684;Pagamento;Cielo crédito parcelado master - 4x antec.;Não;R$ 220,00
;;;;;;
;;;;;;
16/11/2021;17/11/2021;9677;Pagamento;Cielo crédito á vista master;Não;R$ 180,00
;;;;;;
;;;;;;
16/11/2021;16/11/2021;9691;Pagamento;transferência bancaria;Sim;R$ 100,00
16/11/2021;16/11/2021;9690;Pagamento;transferência bancaria;Sim;R$ 100,00
16/11/2021;16/11/2021;9689;Pagamento;transferência bancaria;Sim;R$ 222,00
16/11/2021;16/11/2021;9688;Pagamento;transferência bancaria;Sim;R$ 222,00
16/11/2021;16/11/2021;9681;Pagamento;transferência bancaria;Sim;R$ 174,00
16/11/2021;16/11/2021;9680;Pagamento;transferência bancaria;Sim;R$ 174,00
16/11/2021;16/11/2021;9679;Pagamento;transferência bancaria;Sim;R$ 174,00
16/11/2021;16/11/2021;9678;Pagamento;transferência bancaria;Sim;R$ 174,00
16/11/2021;16/11/2021;9676;Pagamento;transferência bancaria;Sim;R$ 444,00
13/11/2021;13/11/2021;9675;Pagamento;transferência bancaria;Sim;R$ 161,50
13/11/2021;13/11/2021;9674;Pagamento;transferência bancaria;Sim;R$ 161,50
10/11/2021;11/11/2021;9668;Pagamento;Cielo débito master;Não;R$ 176,00
;;;;;;
10/11/2021;11/11/2021;9667;Pagamento;Cielo crédito á vista master;Não;R$ 120,00
;;;;;;
;;;;;;
09/11/2021;10/11/2021;9666;Pagamento;Cielo débito master;Não;R$ 104,00
;;;;;;
08/11/2021;08/11/2021;9649;Pagamento;transferência bancaria;Sim;R$ 620,00
;;;;;;
06/11/2021;07/11/2021;9647;Pagamento;Cielo crédito parcelado visa - 2x antec.;Não;R$ 127,50
;;;;;;
;;;;;;
06/11/2021;06/11/2021;9648;Pagamento;Dinheiro;Sim;R$ 110,50
04/11/2021;05/11/2021;9636;Pagamento;Cielo crédito á vista visa;Não;R$ 110,50
;;;;;;
;;;;;;
04/11/2021;04/11/2021;9637;Pagamento;Dinheiro;Sim;R$ 120,00
03/11/2021;04/11/2021;9635;Pagamento;Cielo crédito á vista master;Não;R$ 104,00
;;;;;;
;;;;;;
04/11/2021;04/11/2021;9631;Pagamento;Dinheiro;Sim;R$ 5,00
02/11/2021;03/11/2021;9633;Pagamento;Cielo débito elo;Não;R$ 195,50
;;;;;;
02/11/2021;03/11/2021;9632;Pagamento;Cielo débito elo;Não;R$ 110,50
;;;;;;
02/11/2021;03/11/2021;9631;Pagamento;Cielo crédito á vista visa;Não;R$ 245,00
;;;;;;
;;;;;;
02/11/2021;03/11/2021;9630;Pagamento;Cielo crédito á vista visa;Não;R$ 110,50
;;;;;;
;;;;;;
02/11/2021;02/11/2021;9629;Pagamento;transferência bancaria;Sim;R$ 386,00
31/10/2021;01/11/2021;9621;Pagamento;Cielo débito master;Não;R$ 110,50
;;;;;;
30/10/2021;30/10/2021;9622;Pagamento;transferência bancaria;Sim;R$ 102,00
29/10/2021;30/10/2021;9617;Pagamento;Cielo crédito parcelado master - 3x antec.;Não;R$ 580,00
;;;;;;
;;;;;;
29/10/2021;29/10/2021;9618;Pagamento;transferência bancaria;Sim;R$ 120,00
28/10/2021;29/10/2021;9614;Pagamento;Cielo débito visa;Não;R$ 170,00
;;;;;;
28/10/2021;29/10/2021;9613;Pagamento;Cielo débito master;Não;R$ 102,00
;;;;;;
28/10/2021;29/10/2021;9612;Pagamento;Cielo débito master;Não;R$ 104,00
;;;;;;
27/10/2021;28/10/2021;9606;Pagamento;Cielo débito master;Não;R$ 104,00
;;;;;;
28/10/2021;28/10/2021;9602;Pagamento;transferência bancaria;Sim;R$ 17,00
27/10/2021;27/10/2021;9605;Pagamento;Dinheiro;Sim;R$ 21,00
27/10/2021;27/10/2021;9603;Pagamento;transferência bancaria;Sim;R$ 580,00
26/10/2021;27/10/2021;9601;Pagamento;Cielo débito master;Não;R$ 104,00
;;;;;;
24/10/2021;25/10/2021;9599;Pagamento;Cielo crédito á vista master;Não;R$ 153,00
;;;;;;
;;;;;;
24/10/2021;25/10/2021;9598;Pagamento;Cielo débito master;Não;R$ 127,50
;;;;;;
24/10/2021;24/10/2021;9600;Pagamento;transferência bancaria;Sim;R$ 589,00
24/10/2021;24/10/2021;9597;Pagamento;transferência bancaria;Sim;R$ 127,50
23/10/2021;24/10/2021;9589;Pagamento;Cielo crédito á vista master;Não;R$ 110,50
;;;;;;
;;;;;;
23/10/2021;24/10/2021;9588;Pagamento;Cielo débito master;Não;R$ 227,00
;;;;;;
23/10/2021;24/10/2021;9585;Pagamento;Cielo crédito á vista visa;Não;R$ 60,00
;;;;;;
;;;;;;
23/10/2021;23/10/2021;9596;Pagamento;transferência bancaria;Sim;R$ 20,00
23/10/2021;23/10/2021;9594;Pagamento;transferência bancaria;Sim;R$ 20,00
22/10/2021;23/10/2021;9578;Pagamento;Cielo crédito á vista elo;Não;R$ 59,50
;;;;;;
;;;;;;
22/10/2021;23/10/2021;9577;Pagamento;Cielo crédito á vista master;Não;R$ 110,50
;;;;;;
;;;;;;
22/10/2021;22/10/2021;9582;Pagamento;transferência bancaria;Sim;R$ 161,50
22/10/2021;22/10/2021;9581;Pagamento;transferência bancaria;Sim;R$ 161,50
21/10/2021;22/10/2021;9575;Pagamento;Cielo crédito á vista master;Não;R$ 153,00
;;;;;;
;;;;;;
21/10/2021;21/10/2021;9576;Pagamento;transferência bancaria;Sim;R$ 272,00
20/10/2021;21/10/2021;9571;Pagamento;Cielo débito master;Não;R$ 104,00
;;;;;;
19/10/2021;20/10/2021;9570;Pagamento;Cielo crédito á vista master;Não;R$ 32,00
;;;;;;
;;;;;;
19/10/2021;20/10/2021;9568;Pagamento;Cielo débito master;Não;R$ 21,00
;;;;;;
;;;;;;
17/10/2021;18/10/2021;9565;Pagamento;Cielo crédito á vista visa;Não;R$ 42,50
;;;;;;
;;;;;;
17/10/2021;18/10/2021;9556;Pagamento;Cielo débito master;Não;R$ 20,00
;;;;;;
16/10/2021;17/10/2021;9562;Pagamento;Cielo débito master;Não;R$ 34,00
;;;;;;
16/10/2021;17/10/2021;9558;Pagamento;Cielo débito master;Não;R$ 104,00
;;;;;;
16/10/2021;17/10/2021;9557;Pagamento;Cielo crédito á vista master;Não;R$ 20,00
;;;;;;
;;;;;;
;;;;;;
;;;;;;
15/10/2021;15/10/2021;9555;Pagamento;transferência bancaria;Sim;R$ 369,00
15/10/2021;15/10/2021;9552;Pagamento;Dinheiro;Sim;R$ 21,00
14/10/2021;14/10/2021;9551;Pagamento;transferência bancaria;Sim;R$ 201,50
14/10/2021;14/10/2021;9550;Pagamento;transferência bancaria;Sim;R$ 201,50
12/10/2021;13/10/2021;9546;Pagamento;Cielo crédito á vista master;Não;R$ 104,00
;;;;;;
;;;;;;
12/10/2021;12/10/2021;9545;Pagamento;Dinheiro;Sim;R$ 275,00
10/10/2021;11/10/2021;9542;Pagamento;Cielo débito elo;Não;R$ 10,00
;;;;;;
10/10/2021;10/10/2021;9544;Pagamento;transferência bancaria;Sim;R$ 589,00
10/10/2021;10/10/2021;9543;Pagamento;transferência bancaria;Sim;R$ 589,00
09/10/2021;10/10/2021;9538;Pagamento;Cielo débito master;Não;R$ 14,00
;;;;;;
09/10/2021;10/10/2021;9537;Pagamento;Cielo débito master;Não;R$ 5,00
;;;;;;
10/08/2021;10/10/2021;9202;Pagamento;QR Code 4x - 3/3;Não;R$ 48,76
;;;;;;
09/10/2021;09/10/2021;9541;Pagamento;Dinheiro;Sim;R$ 21,00
08/10/2021;09/10/2021;9531;Pagamento;Cielo crédito á vista visa;Não;R$ 104,00
;;;;;;
;;;;;;
08/10/2021;09/10/2021;9527;Pagamento;Cielo crédito á vista master;Não;R$ 110,50
;;;;;;
;;;;;;
08/10/2021;08/10/2021;9534;Pagamento;Kz Troks;Não;R$ 440,00
;;;;;;
08/10/2021;08/10/2021;9529;Pagamento;transferência bancaria;Sim;R$ 202,00
07/10/2021;08/10/2021;9524;Pagamento;Cielo débito elo;Não;R$ 104,00
;;;;;;
07/10/2021;07/10/2021;9525;Pagamento;transferência bancaria;Sim;R$ 194,00
07/10/2021;07/10/2021;9523;Pagamento;transferência bancaria;Sim;R$ 152,00
07/10/2021;07/10/2021;9522;Pagamento;transferência bancaria;Sim;R$ 152,00
06/10/2021;07/10/2021;9520;Pagamento;Cielo crédito á vista amex;Não;R$ 104,00
;;;;;;
;;;;;;
06/10/2021;07/10/2021;9519;Pagamento;Cielo crédito á vista amex;Não;R$ 104,00
;;;;;;
;;;;;;
06/10/2021;07/10/2021;9518;Pagamento;Cielo crédito á vista visa;Não;R$ 130,00
;;;;;;
;;;;;;
05/10/2021;06/10/2021;9516;Pagamento;Cielo crédito á vista master;Não;R$ 30,00
;;;;;;
;;;;;;
05/10/2021;06/10/2021;9513;Pagamento;Cielo débito elo;Não;R$ 195,50
;;;;;;
05/10/2021;06/10/2021;9512;Pagamento;Cielo débito elo;Não;R$ 195,50
;;;;;;
;;;;;;
05/10/2021;05/10/2021;9515;Pagamento;Dinheiro;Sim;R$ 21,00
03/10/2021;04/10/2021;9511;Pagamento;Cielo débito master;Não;R$ 110,50
;;;;;;
03/10/2021;04/10/2021;9510;Pagamento;Cielo débito master;Não;R$ 102,00
;;;;;;
03/10/2021;04/10/2021;9505;Pagamento;Cielo crédito á vista visa;Não;R$ 90,00
;;;;;;
;;;;;;
03/10/2021;03/10/2021;9509;Pagamento;transferência bancaria;Sim;R$ 110,00
03/10/2021;03/10/2021;9508;Pagamento;transferência bancaria;Sim;R$ 200,00
03/10/2021;03/10/2021;9507;Pagamento;transferência bancaria;Sim;R$ 120,00
02/10/2021;03/10/2021;9506;Pagamento;Cielo crédito á vista visa;Não;R$ 136,00
;;;;;;
;;;;;;
03/05/2021;03/10/2021;8642;Pagamento;QR Code 4x - 6/6;Sim;R$ 5,50
;;;;;;
03/05/2021;03/10/2021;8641;Pagamento;QR Code 4x - 6/6;Sim;R$ 21,66
;;;;;;
03/05/2021;03/10/2021;8640;Pagamento;QR Code 4x - 6/6;Sim;R$ 21,66
;;;;;;
;;;;;;
;;;;;;
30/09/2021;30/09/2021;9485;Pagamento;transferência bancaria;Sim;R$ 460,00
29/09/2021;29/09/2021;9479;Pagamento;Dinheiro;Sim;R$ 21,00
29/09/2021;29/09/2021;9478;Pagamento;Link mercado pago - 3x antec.;Não;R$ 199,00
;;;;;;
;;;;;;
28/09/2021;29/09/2021;9473;Pagamento;Cielo crédito parcelado visa - 6x antec.;Não;R$ 660,00
;;;;;;
;;;;;;
28/09/2021;28/09/2021;9475;Pagamento;transferência bancaria;Sim;R$ 261,00
28/09/2021;28/09/2021;9474;Pagamento;transferência bancaria;Sim;R$ 261,00
28/09/2021;28/09/2021;9472;Pagamento;transferência bancaria;Sim;R$ 32,00
28/09/2021;28/09/2021;9472;Pagamento;Jmps;Sim;R$ 300,00
28/09/2021;28/09/2021;9471;Pagamento;Jmps;Sim;R$ 300,00
28/09/2021;28/09/2021;9471;Pagamento;transferência bancaria;Sim;R$ 32,00
28/09/2021;28/09/2021;9470;Pagamento;Jmps;Sim;R$ 300,00
28/09/2021;28/09/2021;9470;Pagamento;transferência bancaria;Sim;R$ 32,00
27/09/2021;28/09/2021;9466;Pagamento;Cielo crédito á vista master;Não;R$ 580,00
;;;;;;
;;;;;;
27/09/2021;28/09/2021;9464;Pagamento;Cielo débito master;Não;R$ 10,00
;;;;;;
27/09/2021;28/09/2021;9463;Pagamento;Cielo débito master;Não;R$ 10,00
;;;;;;
27/09/2021;27/09/2021;9468;Pagamento;transferência bancaria;Sim;R$ 385,00
27/09/2021;27/09/2021;9460;Pagamento;transferência bancaria;Sim;R$ 187,00
23/09/2021;24/09/2021;9451;Pagamento;Cielo débito master;Não;R$ 120,00
;;;;;;
22/09/2021;23/09/2021;9456;Pagamento;Cielo crédito parcelado master - 2x antec.;Não;R$ 357,00
;;;;;;
;;;;;;
23/09/2021;23/09/2021;9454;Pagamento;Jmps;Sim;R$ 320,00
23/09/2021;23/09/2021;9453;Pagamento;Jmps;Sim;R$ 320,00
;;;;;;
21/09/2021;22/09/2021;9450;Pagamento;Cielo crédito á vista master;Não;R$ 104,00
;;;;;;
;;;;;;
19/09/2021;20/09/2021;9439;Pagamento;Cielo crédito á vista visa;Não;R$ 5,00
;;;;;;
;;;;;;
19/09/2021;20/09/2021;9438;Pagamento;Cielo débito master;Não;R$ 12,00
;;;;;;
19/09/2021;20/09/2021;9437;Pagamento;Cielo débito master;Não;R$ 12,00
;;;;;;
19/09/2021;19/09/2021;9443;Pagamento;QR CODE 1x;Sim;R$ 110,50
;;;;;;
17/09/2021;18/09/2021;9434;Pagamento;Cielo débito master;Não;R$ 20,00
;;;;;;
17/09/2021;18/09/2021;9432;Pagamento;Cielo crédito á vista elo;Não;R$ 90,00
;;;;;;
;;;;;;
17/09/2021;18/09/2021;9431;Pagamento;Cielo crédito á vista elo;Não;R$ 90,00
;;;;;;
;;;;;;
;;;;;;
;;;;;;
15/09/2021;16/09/2021;9429;Pagamento;Cielo crédito á vista master;Não;R$ 1.337,00
;;;;;;
;;;;;;
15/09/2021;15/09/2021;9425;Pagamento;Dinheiro;Sim;R$ 20,00
;;;;;;
12/09/2021;13/09/2021;9420;Pagamento;Cielo débito master;Não;R$ 130,00
;;;;;;
12/09/2021;12/09/2021;9423;Pagamento;transferência bancaria;Sim;R$ 110,50
12/09/2021;12/09/2021;9421;Pagamento;transferência bancaria;Sim;R$ 68,00
11/09/2021;12/09/2021;9412;Pagamento;Cielo crédito parcelado master - 2x antec.;Não;R$ 130,00
;;;;;;
;;;;;;
11/09/2021;12/09/2021;9411;Pagamento;Cielo débito master;Não;R$ 5,00
;;;;;;
11/09/2021;12/09/2021;9410;Pagamento;Cielo débito master;Não;R$ 5,00
;;;;;;
11/09/2021;12/09/2021;9408;Pagamento;Cielo débito visa;Não;R$ 1.235,00
;;;;;;
;;;;;;
11/09/2021;11/09/2021;9405;Pagamento;Dinheiro;Sim;R$ 102,00
10/09/2021;11/09/2021;9404;Pagamento;Cielo crédito á vista master;Não;R$ 120,00
;;;;;;
;;;;;;
10/09/2021;11/09/2021;9400;Pagamento;Cielo crédito á vista master;Não;R$ 90,00
;;;;;;
;;;;;;
09/09/2021;10/09/2021;9396;Pagamento;Cielo crédito parcelado master - 2x antec.;Não;R$ 660,00
;;;;;;
;;;;;;
10/08/2021;10/09/2021;9202;Pagamento;QR Code 4x - 2/3;Não;R$ 48,77
;;;;;;
09/09/2021;09/09/2021;9397;Pagamento;transferência bancaria;Sim;R$ 104,00
08/09/2021;08/09/2021;9393;Pagamento;transferência bancaria;Sim;R$ 551,00
06/09/2021;07/09/2021;9392;Pagamento;Cielo crédito parcelado master - 3x antec.;Não;R$ 232,50
;;;;;;
;;;;;;
06/09/2021;07/09/2021;9391;Pagamento;Cielo crédito parcelado master - 3x antec.;Não;R$ 232,50
;;;;;;
;;;;;;
05/09/2021;06/09/2021;9389;Pagamento;Cielo crédito á vista visa;Não;R$ 100,00
;;;;;;
;;;;;;
05/09/2021;06/09/2021;9388;Pagamento;Cielo crédito á vista master;Não;R$ 40,00
;;;;;;
;;;;;;
04/09/2021;05/09/2021;9386;Pagamento;Cielo débito master;Não;R$ 110,50
;;;;;;
04/09/2021;05/09/2021;9385;Pagamento;Crédito parcelado American;Não;R$ 130,00
;;;;;;
;;;;;;
04/09/2021;05/09/2021;9384;Pagamento;Crédito parcelado American;Não;R$ 130,00
;;;;;;
;;;;;;
04/09/2021;05/09/2021;9383;Pagamento;Cielo débito master;Não;R$ 102,00
;;;;;;
05/08/2021;05/09/2021;9173;Pagamento;QR Code 4x - 2/2;Não;R$ 203,00
;;;;;;
03/09/2021;04/09/2021;9372;Pagamento;Cielo débito master;Não;R$ 302,40
;;;;;;
04/07/2021;04/09/2021;7284;Pagamento;QR Code 4x - 3/3;Não;R$ 88,00
;;;;;;
03/09/2021;03/09/2021;9359;Pagamento;transferência bancaria;Sim;R$ 91,00
03/05/2021;03/09/2021;8642;Pagamento;QR Code 4x - 5/6;Sim;R$ 5,50
;;;;;;
03/05/2021;03/09/2021;8641;Pagamento;QR Code 4x - 5/6;Sim;R$ 21,66
;;;;;;
03/05/2021;03/09/2021;8640;Pagamento;QR Code 4x - 5/6;Sim;R$ 21,66
;;;;;;
02/09/2021;02/09/2021;9358;Pagamento;transferência bancaria;Sim;R$ 91,00
01/09/2021;02/09/2021;9356;Pagamento;Cielo crédito parcelado elo - 3x antec.;Não;R$ 131,10
;;;;;;
;;;;;;
01/09/2021;02/09/2021;9355;Pagamento;Cielo crédito parcelado elo - 3x antec.;Não;R$ 131,10
;;;;;;
;;;;;;
31/08/2021;01/09/2021;9354;Pagamento;Cielo crédito parcelado master - 3x antec.;Não;R$ 191,00
;;;;;;
;;;;;;
;;;;;;
31/08/2021;31/08/2021;9353;Pagamento;transferência bancaria;Sim;R$ 102,60
31/08/2021;31/08/2021;9352;Pagamento;transferência bancaria;Sim;R$ 91,00
31/08/2021;31/08/2021;9344;Pagamento;transferência bancaria;Sim;R$ 153,00
31/08/2021;31/08/2021;9343;Pagamento;transferência bancaria;Sim;R$ 326,50
31/08/2021;31/08/2021;9342;Pagamento;transferência bancaria;Sim;R$ 200,00
30/08/2021;31/08/2021;9336;Pagamento;Cielo débito visa;Não;R$ 12,00
;;;;;;
30/08/2021;31/08/2021;9335;Pagamento;Cielo débito visa;Não;R$ 12,00
;;;;;;
30/08/2021;31/08/2021;9333;Pagamento;Cielo débito visa;Não;R$ 120,00
;;;;;;
;;;;;;
30/08/2021;30/08/2021;9341;Pagamento;Kz Troks;Não;R$ 440,00
;;;;;;
;;;;;;
28/08/2021;29/08/2021;9351;Pagamento;Cielo débito visa;Não;R$ 51,00
;;;;;;
28/08/2021;29/08/2021;9350;Pagamento;Cielo débito visa;Não;R$ 51,00
;;;;;;
29/08/2021;29/08/2021;9339;Pagamento;transferência bancaria;Sim;R$ 4.000,00
29/08/2021;29/08/2021;9334;Pagamento;transferência bancaria;Sim;R$ 245,00
27/08/2021;28/08/2021;9328;Pagamento;Cielo crédito parcelado master - 3x antec.;Não;R$ 111,10
;;;;;;
;;;;;;
27/08/2021;27/08/2021;9331;Pagamento;transferência bancaria;Sim;R$ 161,50
27/08/2021;27/08/2021;9330;Pagamento;transferência bancaria;Sim;R$ 161,50
26/08/2021;27/08/2021;9329;Pagamento;Cielo crédito parcelado master - 3x antec.;Não;R$ 111,10
;;;;;;
;;;;;;
26/08/2021;27/08/2021;9327;Pagamento;Cielo crédito parcelado master - 3x antec.;Não;R$ 111,10
;;;;;;
;;;;;;
26/08/2021;27/08/2021;9326;Pagamento;Cielo crédito parcelado master - 3x antec.;Não;R$ 111,10
;;;;;;
;;;;;;
26/08/2021;27/08/2021;9325;Pagamento;Cielo crédito á vista master;Não;R$ 228,00
;;;;;;
;;;;;;
26/08/2021;27/08/2021;9324;Pagamento;Cielo crédito á vista master;Não;R$ 158,00
;;;;;;
;;;;;;
26/08/2021;26/08/2021;9324;Pagamento;Dinheiro;Sim;R$ 100,00
26/08/2021;26/08/2021;9319;Pagamento;Dinheiro;Sim;R$ 92,00
25/08/2021;26/08/2021;9313;Pagamento;Cielo débito master;Não;R$ 170,00
;;;;;;
25/08/2021;26/08/2021;9312;Pagamento;Cielo débito master;Não;R$ 161,50
;;;;;;
;;;;;;
23/08/2021;24/08/2021;9476;Pagamento;Cielo crédito á vista visa;Não;R$ 210,00
;;;;;;
;;;;;;
24/08/2021;24/08/2021;9320;Pagamento;transferência bancaria;Sim;R$ 253,00
22/08/2021;23/08/2021;9311;Pagamento;Cielo crédito á vista visa;Não;R$ 90,00
;;;;;;
;;;;;;
21/08/2021;22/08/2021;9307;Pagamento;Cielo débito visa;Não;R$ 34,00
;;;;;;
21/08/2021;22/08/2021;9306;Pagamento;Cielo débito visa;Não;R$ 122,50
;;;;;;
20/08/2021;21/08/2021;9303;Pagamento;Cielo crédito parcelado amex - 3x antec.;Não;R$ 404,00
;;;;;;
;;;;;;
20/08/2021;21/08/2021;9302;Pagamento;Cielo crédito parcelado amex - 3x antec.;Não;R$ 404,00
;;;;;;
;;;;;;
20/08/2021;20/08/2021;9301;Pagamento;transferência bancaria;Sim;R$ 102,00
20/08/2021;20/08/2021;9300;Pagamento;transferência bancaria;Sim;R$ 102,00
19/08/2021;19/08/2021;9299;Pagamento;Dinheiro;Sim;R$ 134,00
17/08/2021;17/08/2021;9266;Pagamento;transferência bancaria;Sim;R$ 511,10
;;;;;;
15/08/2021;16/08/2021;9264;Pagamento;Cielo crédito á vista visa;Não;R$ 31,50
;;;;;;
;;;;;;
15/08/2021;16/08/2021;9263;Pagamento;Cielo crédito á vista visa;Não;R$ 31,50
;;;;;;
;;;;;;
;;;;;;
;;;;;;
;;;;;;
;;;;;;
;;;;;;
15/08/2021;15/08/2021;9262;Pagamento;transferência bancaria;Sim;R$ 115,00
15/08/2021;15/08/2021;9261;Pagamento;transferência bancaria;Sim;R$ 115,00
15/08/2021;15/08/2021;9260;Pagamento;transferência bancaria;Sim;R$ 115,00
15/08/2021;15/08/2021;9259;Pagamento;transferência bancaria;Sim;R$ 115,00
15/08/2021;15/08/2021;9258;Pagamento;transferência bancaria;Sim;R$ 115,00
15/08/2021;15/08/2021;9257;Pagamento;transferência bancaria;Sim;R$ 115,00
15/08/2021;15/08/2021;9256;Pagamento;transferência bancaria;Sim;R$ 115,00
15/08/2021;15/08/2021;9255;Pagamento;transferência bancaria;Sim;R$ 115,00
15/08/2021;15/08/2021;9254;Pagamento;transferência bancaria;Sim;R$ 115,00
15/08/2021;15/08/2021;9253;Pagamento;transferência bancaria;Sim;R$ 115,00
15/08/2021;15/08/2021;9252;Pagamento;transferência bancaria;Sim;R$ 115,00
15/08/2021;15/08/2021;9251;Pagamento;transferência bancaria;Sim;R$ 115,00
15/08/2021;15/08/2021;9250;Pagamento;transferência bancaria;Sim;R$ 115,00
15/08/2021;15/08/2021;9249;Pagamento;transferência bancaria;Sim;R$ 115,00
15/08/2021;15/08/2021;9248;Pagamento;transferência bancaria;Sim;R$ 115,00
15/08/2021;15/08/2021;9247;Pagamento;transferência bancaria;Sim;R$ 115,00
15/08/2021;15/08/2021;9246;Pagamento;transferência bancaria;Sim;R$ 115,00
15/08/2021;15/08/2021;9245;Pagamento;transferência bancaria;Sim;R$ 115,00
15/08/2021;15/08/2021;9244;Pagamento;transferência bancaria;Sim;R$ 115,00
15/08/2021;15/08/2021;9243;Pagamento;transferência bancaria;Sim;R$ 115,00
15/08/2021;15/08/2021;9242;Pagamento;transferência bancaria;Sim;R$ 115,00
15/08/2021;15/08/2021;9241;Pagamento;transferência bancaria;Sim;R$ 115,00
15/08/2021;15/08/2021;9240;Pagamento;transferência bancaria;Sim;R$ 115,00
14/08/2021;15/08/2021;9239;Pagamento;Cielo crédito á vista master;Não;R$ 110,50
;;;;;;
;;;;;;
14/08/2021;15/08/2021;9238;Pagamento;Cielo crédito á vista master;Não;R$ 110,50
;;;;;;
;;;;;;
15/08/2021;15/08/2021;9237;Pagamento;transferência bancaria;Sim;R$ 115,00
14/08/2021;15/08/2021;9235;Pagamento;Cielo crédito parcelado visa - 4x antec.;Não;R$ 110,50
;;;;;;
;;;;;;
14/08/2021;15/08/2021;9232;Pagamento;Cielo débito visa;Não;R$ 110,50
;;;;;;
14/08/2021;15/08/2021;9229;Pagamento;Cielo crédito parcelado visa - 4x antec.;Não;R$ 110,50
;;;;;;
;;;;;;
14/08/2021;15/08/2021;9228;Pagamento;Cielo crédito á vista master;Não;R$ 127,50
;;;;;;
;;;;;;
14/08/2021;14/08/2021;9236;Pagamento;transferência bancaria;Sim;R$ 110,50
13/08/2021;13/08/2021;9225;Pagamento;transferência bancaria;Sim;R$ 5,00
13/08/2021;13/08/2021;9224;Pagamento;transferência bancaria;Sim;R$ 44,00
12/08/2021;13/08/2021;9217;Pagamento;Cielo débito master;Não;R$ 70,00
;;;;;;
12/08/2021;13/08/2021;9216;Pagamento;Cielo crédito á vista visa;Não;R$ 112,00
;;;;;;
;;;;;;
;;;;;;
12/08/2021;12/08/2021;9219;Pagamento;transferência bancaria;Sim;R$ 170,00
11/08/2021;11/08/2021;9215;Pagamento;Kz Troks;Não;R$ 440,00
;;;;;;
11/08/2021;11/08/2021;9214;Pagamento;Kz Troks;Não;R$ 440,00
;;;;;;
11/08/2021;11/08/2021;9208;Pagamento;transferência bancaria;Sim;R$ 277,00
10/08/2021;11/08/2021;9206;Pagamento;Cielo débito master;Não;R$ 32,00
;;;;;;
10/08/2021;11/08/2021;9203;Pagamento;Cielo débito visa;Não;R$ 105,00
;;;;;;
10/08/2021;10/08/2021;9202;Pagamento;QR Code 4x - 1/3;Não;R$ 48,77
;;;;;;
10/08/2021;10/08/2021;9201;Pagamento;transferência bancaria;Sim;R$ 189,05
09/08/2021;09/08/2021;9200;Pagamento;transferência bancaria;Sim;R$ 63,90
09/08/2021;09/08/2021;9199;Pagamento;transferência bancaria;Sim;R$ 63,90
09/08/2021;09/08/2021;9197;Pagamento;transferência bancaria;Sim;R$ 63,90
09/08/2021;09/08/2021;9196;Pagamento;transferência bancaria;Sim;R$ 63,90
07/08/2021;08/08/2021;9193;Pagamento;Cielo crédito á vista visa;Não;R$ 120,50
;;;;;;
;;;;;;
07/08/2021;07/08/2021;9194;Pagamento;Dinheiro;Sim;R$ 120,00
05/08/2021;05/08/2021;9174;Pagamento;transferência bancaria;Sim;R$ 200,00
05/08/2021;05/08/2021;9173;Pagamento;QR Code 4x - 1/2;Não;R$ 203,00
;;;;;;
03/08/2021;04/08/2021;9172;Pagamento;Cielo crédito á vista master;Não;R$ 60,00
;;;;;;
;;;;;;
03/08/2021;04/08/2021;9169;Pagamento;Cielo crédito parcelado master - 2x antec.;Não;R$ 152,00
;;;;;;
;;;;;;
03/08/2021;04/08/2021;9168;Pagamento;Cielo crédito parcelado master - 2x antec.;Não;R$ 222,00
;;;;;;
;;;;;;
04/07/2021;04/08/2021;7284;Pagamento;QR Code 4x - 2/3;Não;R$ 88,00
;;;;;;
02/08/2021;03/08/2021;9167;Pagamento;Cielo crédito á vista master;Não;R$ 30,00
;;;;;;
;;;;;;
02/08/2021;03/08/2021;9165;Pagamento;Cielo débito master;Não;R$ 5,00
;;;;;;
02/08/2021;03/08/2021;9164;Pagamento;Cielo débito master;Não;R$ 5,00
;;;;;;
03/05/2021;03/08/2021;8642;Pagamento;QR Code 4x - 4/6;Sim;R$ 5,50
;;;;;;
03/05/2021;03/08/2021;8641;Pagamento;QR Code 4x - 4/6;Sim;R$ 21,67
;;;;;;
03/05/2021;03/08/2021;8640;Pagamento;QR Code 4x - 4/6;Sim;R$ 21,67
;;;;;;
;;;;;;
02/08/2021;02/08/2021;9165;Pagamento;Kz Troks;Não;R$ 200,00
;;;;;;
02/08/2021;02/08/2021;9164;Pagamento;Kz Troks;Não;R$ 200,00
;;;;;;
01/08/2021;02/08/2021;9163;Pagamento;Cielo crédito á vista visa;Não;R$ 136,00
;;;;;;
;;;;;;
01/08/2021;02/08/2021;9162;Pagamento;Cielo crédito á vista visa;Não;R$ 144,00
;;;;;;
;;;;;;
;;;;;;
;;;;;;
;;;;;;
;;;;;;
;;;;;;
;;;;;;
01/08/2021;01/08/2021;9158;Pagamento;transferência bancaria;Sim;R$ 35,00
31/07/2021;31/07/2021;9157;Pagamento;Dinheiro;Sim;R$ 112,00
30/07/2021;31/07/2021;9153;Pagamento;Cielo crédito á vista elo;Não;R$ 136,50
;;;;;;
;;;;;;
29/07/2021;30/07/2021;9149;Pagamento;Cielo crédito á vista visa;Não;R$ 112,00
;;;;;;
;;;;;;
28/07/2021;29/07/2021;9148;Pagamento;Cielo débito master;Não;R$ 20,00
;;;;;;
28/07/2021;29/07/2021;9147;Pagamento;Cielo débito master;Não;R$ 20,00
;;;;;;
27/07/2021;28/07/2021;9146;Pagamento;Cielo crédito á vista master;Não;R$ 336,00
;;;;;;
;;;;;;
26/07/2021;27/07/2021;9143;Pagamento;Cielo crédito á vista master;Não;R$ 170,00
;;;;;;
;;;;;;
24/07/2021;25/07/2021;9136;Pagamento;Cielo débito master;Não;R$ 20,00
;;;;;;
23/07/2021;24/07/2021;9133;Pagamento;Cielo crédito á vista master;Não;R$ 77,00
;;;;;;
;;;;;;
23/07/2021;24/07/2021;9132;Pagamento;Cielo crédito á vista master;Não;R$ 84,00
;;;;;;
;;;;;;
23/07/2021;24/07/2021;9131;Pagamento;Cielo crédito á vista elo;Não;R$ 91,00
;;;;;;
;;;;;;
23/07/2021;24/07/2021;9130;Pagamento;Cielo débito master;Não;R$ 110,50
;;;;;;
22/07/2021;22/07/2021;9129;Pagamento;Kz Troks;Não;R$ 2.000,00
;;;;;;
22/07/2021;22/07/2021;9127;Pagamento;transferência bancaria;Sim;R$ 210,00
22/07/2021;22/07/2021;9123;Pagamento;QR CODE 1x;Sim;R$ 105,00
;;;;;;
22/07/2021;22/07/2021;9122;Pagamento;transferência bancaria;Sim;R$ 205,00
22/07/2021;22/07/2021;9121;Pagamento;transferência bancaria;Sim;R$ 175,00
21/07/2021;22/07/2021;9118;Pagamento;Cielo crédito á vista master;Não;R$ 245,00
;;;;;;
;;;;;;
21/07/2021;21/07/2021;9117;Pagamento;transferência bancaria;Sim;R$ 4.000,00
20/07/2021;21/07/2021;9116;Pagamento;Cielo crédito á vista master;Não;R$ 28,00
;;;;;;
;;;;;;
20/07/2021;21/07/2021;9115;Pagamento;Cielo crédito á vista master;Não;R$ 28,00
;;;;;;
;;;;;;
20/07/2021;21/07/2021;9114;Pagamento;Cielo débito master;Não;R$ 144,50
;;;;;;
;;;;;;
18/07/2021;19/07/2021;9085;Pagamento;Cielo crédito á vista master;Não;R$ 10,00
;;;;;;
;;;;;;
17/07/2021;18/07/2021;9107;Pagamento;Cielo débito master;Não;R$ 10,87
;;;;;;
17/07/2021;18/07/2021;9105;Pagamento;Cielo débito master;Não;R$ 10,87
;;;;;;
17/07/2021;18/07/2021;9104;Pagamento;Cielo crédito á vista master;Não;R$ 10,87
;;;;;;
;;;;;;
17/07/2021;18/07/2021;9102;Pagamento;Cielo crédito á vista master;Não;R$ 10,87
;;;;;;
;;;;;;
18/07/2021;18/07/2021;9094;Pagamento;Dinheiro;Sim;R$ 130,00
18/07/2021;18/07/2021;9090;Pagamento;Kz Troks;Não;R$ 200,00
;;;;;;
18/07/2021;18/07/2021;9089;Pagamento;Kz Troks;Não;R$ 200,00
;;;;;;
;;;;;;
17/07/2021;17/07/2021;9098;Pagamento;transferência bancaria;Sim;R$ 589,00
17/07/2021;17/07/2021;9097;Pagamento;transferência bancaria;Sim;R$ 589,00
16/07/2021;16/07/2021;9084;Pagamento;transferência bancaria;Sim;R$ 50,00
16/07/2021;16/07/2021;9083;Pagamento;transferência bancaria;Sim;R$ 50,00
15/07/2021;16/07/2021;9075;Pagamento;Cielo crédito á vista visa;Não;R$ 112,00
;;;;;;
;;;;;;
15/07/2021;16/07/2021;9073;Pagamento;Cielo crédito parcelado master - 6x antec.;Não;R$ 350,00
;;;;;;
;;;;;;
15/07/2021;16/07/2021;9072;Pagamento;Cielo crédito parcelado master - 6x antec.;Não;R$ 350,00
;;;;;;
;;;;;;
;;;;;;
;;;;;;
;;;;;;
;;;;;;
;;;;;;
;;;;;;
15/07/2021;15/07/2021;9080;Pagamento;transferência bancaria;Sim;R$ 133,00
15/07/2021;15/07/2021;9079;Pagamento;transferência bancaria;Sim;R$ 133,00
15/07/2021;15/07/2021;9078;Pagamento;Kz Troks;Não;R$ 200,00
;;;;;;
15/07/2021;15/07/2021;9077;Pagamento;Kz Troks;Não;R$ 200,00
;;;;;;
15/07/2021;15/07/2021;9074;Pagamento;transferência bancaria;Sim;R$ 115,00
14/07/2021;15/07/2021;9071;Pagamento;Cielo crédito á vista master;Não;R$ 105,00
;;;;;;
;;;;;;
14/07/2021;15/07/2021;9070;Pagamento;Cielo crédito á vista master;Não;R$ 91,00
;;;;;;
;;;;;;
14/07/2021;15/07/2021;9069;Pagamento;Cielo crédito á vista master;Não;R$ 49,00
;;;;;;
;;;;;;
14/07/2021;15/07/2021;9068;Pagamento;Cielo crédito á vista master;Não;R$ 63,00
;;;;;;
;;;;;;
14/07/2021;14/07/2021;9067;Pagamento;transferência bancaria;Sim;R$ 209,00
14/07/2021;14/07/2021;9066;Pagamento;transferência bancaria;Sim;R$ 161,50
13/07/2021;14/07/2021;9059;Pagamento;Cielo crédito á vista master;Não;R$ 40,00
;;;;;;
;;;;;;
13/07/2021;13/07/2021;9065;Pagamento;transferência bancaria;Sim;R$ 91,00
13/07/2021;13/07/2021;9064;Pagamento;transferência bancaria;Sim;R$ 91,00
11/07/2021;12/07/2021;9058;Pagamento;Cielo crédito á vista visa;Não;R$ 130,00
;;;;;;
;;;;;;
11/07/2021;12/07/2021;9057;Pagamento;Cielo crédito á vista elo;Não;R$ 127,50
;;;;;;
;;;;;;
11/07/2021;12/07/2021;9055;Pagamento;Cielo crédito parcelado visa - 2x antec.;Não;R$ 127,50
;;;;;;
;;;;;;
11/07/2021;12/07/2021;9054;Pagamento;Cielo crédito parcelado master - 2x antec.;Não;R$ 85,00
;;;;;;
;;;;;;
11/07/2021;12/07/2021;9053;Pagamento;Cielo crédito á vista master;Não;R$ 34,00
;;;;;;
;;;;;;
11/07/2021;12/07/2021;9052;Pagamento;Cielo crédito á vista master;Não;R$ 34,00
;;;;;;
;;;;;;
11/07/2021;11/07/2021;9051;Pagamento;transferência bancaria;Sim;R$ 161,50
11/07/2021;11/07/2021;9050;Pagamento;transferência bancaria;Sim;R$ 161,50
11/07/2021;11/07/2021;9049;Pagamento;transferência bancaria;Sim;R$ 161,50
11/07/2021;11/07/2021;9048;Pagamento;transferência bancaria;Sim;R$ 161,50
10/07/2021;11/07/2021;9047;Pagamento;Cielo crédito parcelado visa - 3x antec.;Não;R$ 288,80
;;;;;;
;;;;;;
10/07/2021;11/07/2021;9042;Pagamento;Cielo crédito parcelado master - 3x antec.;Não;R$ 120,00
;;;;;;
;;;;;;
10/07/2021;11/07/2021;9041;Pagamento;Cielo crédito parcelado master - 3x antec.;Não;R$ 120,00
;;;;;;
;;;;;;
10/07/2021;11/07/2021;9040;Pagamento;Cielo crédito á vista visa;Não;R$ 80,00
;;;;;;
;;;;;;
10/07/2021;10/07/2021;9040;Pagamento;transferência bancaria;Sim;R$ 30,50
10/07/2021;10/07/2021;9039;Pagamento;transferência bancaria;Sim;R$ 202,00
09/07/2021;10/07/2021;9035;Pagamento;Cielo débito master;Não;R$ 31,50
;;;;;;
09/07/2021;10/07/2021;9032;Pagamento;Cielo crédito á vista master;Não;R$ 34,00
;;;;;;
;;;;;;
09/07/2021;10/07/2021;9031;Pagamento;Cielo crédito á vista master;Não;R$ 34,00
;;;;;;
;;;;;;
09/07/2021;10/07/2021;9028;Pagamento;Cielo débito master;Não;R$ 12,00
;;;;;;
09/07/2021;09/07/2021;9030;Pagamento;transferência bancaria;Sim;R$ 165,50
09/07/2021;09/07/2021;9029;Pagamento;transferência bancaria;Sim;R$ 165,50
09/07/2021;09/07/2021;9024;Pagamento;transferência bancaria;Sim;R$ 110,50
08/07/2021;08/07/2021;9020;Pagamento;transferência bancaria;Sim;R$ 260,00
08/07/2021;08/07/2021;9019;Pagamento;transferência bancaria;Sim;R$ 260,00
07/07/2021;08/07/2021;9015;Pagamento;Cielo débito master;Não;R$ 105,00
;;;;;;
07/07/2021;07/07/2021;9013;Pagamento;transferência bancaria;Sim;R$ 304,00
06/07/2021;06/07/2021;9012;Pagamento;transferência bancaria;Sim;R$ 200,00
04/07/2021;05/07/2021;9011;Pagamento;Cielo crédito á vista visa;Não;R$ 110,50
;;;;;;
;;;;;;
04/07/2021;05/07/2021;9010;Pagamento;Cielo crédito á vista visa;Não;R$ 110,50
;;;;;;
;;;;;;
04/07/2021;05/07/2021;9008;Pagamento;Cielo débito visa;Não;R$ 34,00
;;;;;;
04/07/2021;05/07/2021;9002;Pagamento;Cielo crédito parcelado master - 3x antec.;Não;R$ 260,00
;;;;;;
;;;;;;
04/07/2021;05/07/2021;9001;Pagamento;Cielo crédito parcelado master - 3x antec.;Não;R$ 30,00
;;;;;;
;;;;;;
03/07/2021;04/07/2021;9005;Pagamento;Cielo crédito á vista visa;Não;R$ 97,50
;;;;;;
;;;;;;
03/07/2021;04/07/2021;9004;Pagamento;Cielo crédito á vista master;Não;R$ 161,50
;;;;;;
;;;;;;
03/07/2021;04/07/2021;9003;Pagamento;Cielo crédito á vista master;Não;R$ 161,50
;;;;;;
;;;;;;
04/07/2021;04/07/2021;7284;Pagamento;QR Code 4x - 1/3;Não;R$ 88,00
;;;;;;
02/07/2021;03/07/2021;9000;Pagamento;Cielo crédito á vista master;Não;R$ 161,50
;;;;;;
;;;;;;
02/07/2021;03/07/2021;8999;Pagamento;Cielo crédito á vista master;Não;R$ 161,50
;;;;;;
;;;;;;
03/05/2021;03/07/2021;8644;Pagamento;QR Code 4x - 3/3;Sim;R$ 62,40
;;;;;;
03/05/2021;03/07/2021;8643;Pagamento;QR Code 4x - 3/3;Sim;R$ 62,40
;;;;;;
03/05/2021;03/07/2021;8642;Pagamento;QR Code 4x - 3/6;Sim;R$ 5,50
;;;;;;
03/05/2021;03/07/2021;8641;Pagamento;QR Code 4x - 3/6;Sim;R$ 21,67
;;;;;;
03/05/2021;03/07/2021;8640;Pagamento;QR Code 4x - 3/6;Sim;R$ 21,67
;;;;;;
02/07/2021;02/07/2021;8998;Pagamento;transferência bancaria;Sim;R$ 72,00
01/07/2021;01/07/2021;8997;Pagamento;transferência bancaria;Sim;R$ 69,00
01/07/2021;01/07/2021;8996;Pagamento;transferência bancaria;Sim;R$ 69,00
30/06/2021;01/07/2021;8993;Pagamento;Cielo crédito á vista visa;Não;R$ 110,50
;;;;;;
;;;;;;
30/06/2021;01/07/2021;8992;Pagamento;Cielo crédito á vista visa;Não;R$ 110,50
;;;;;;
;;;;;;
;;;;;;
;;;;;;
;;;;;;
;;;;;;
;;;;;;
;;;;;;
27/06/2021;28/06/2021;8986;Pagamento;Cielo débito elo;Não;R$ 5,00
;;;;;;
27/06/2021;28/06/2021;8985;Pagamento;Cielo débito elo;Não;R$ 5,00
;;;;;;
27/06/2021;28/06/2021;8984;Pagamento;Cielo crédito á vista visa;Não;R$ 167,00
;;;;;;
;;;;;;
26/06/2021;27/06/2021;8982;Pagamento;Cielo crédito á vista visa;Não;R$ 167,00
;;;;;;
;;;;;;
25/06/2021;25/06/2021;8981;Pagamento;transferência bancaria;Sim;R$ 230,00
23/06/2021;23/06/2021;8976;Pagamento;transferência bancaria;Sim;R$ 63,00
23/06/2021;23/06/2021;8975;Pagamento;transferência bancaria;Sim;R$ 63,00
22/06/2021;23/06/2021;8974;Pagamento;Cielo crédito á vista visa;Não;R$ 190,00
;;;;;;
;;;;;;
22/06/2021;22/06/2021;8973;Pagamento;transferência bancaria;Sim;R$ 190,00
;;;;;;
;;;;;;
20/06/2021;21/06/2021;8956;Pagamento;Cielo débito visa;Não;R$ 34,00
;;;;;;
20/06/2021;21/06/2021;8955;Pagamento;Cielo crédito á vista master;Não;R$ 77,00
;;;;;;
;;;;;;
19/06/2021;20/06/2021;8959;Pagamento;Cielo crédito á vista master;Não;R$ 72,00
;;;;;;
;;;;;;
19/06/2021;20/06/2021;8958;Pagamento;Cielo crédito á vista master;Não;R$ 13,00
;;;;;;
;;;;;;
19/06/2021;20/06/2021;8957;Pagamento;Cielo crédito á vista master;Não;R$ 53,00
;;;;;;
;;;;;;
;;;;;;
18/06/2021;19/06/2021;8952;Pagamento;Cielo crédito á vista visa;Não;R$ 200,00
;;;;;;
;;;;;;
18/06/2021;19/06/2021;8951;Pagamento;Cielo crédito á vista master;Não;R$ 200,00
;;;;;;
;;;;;;
18/06/2021;19/06/2021;8950;Pagamento;Cielo crédito parcelado master - 6x antec.;Não;R$ 200,00
;;;;;;
;;;;;;
18/06/2021;19/06/2021;8949;Pagamento;Cielo crédito parcelado master - 6x antec.;Não;R$ 200,00
;;;;;;
;;;;;;
18/06/2021;19/06/2021;8948;Pagamento;Cielo crédito parcelado master - 6x antec.;Não;R$ 200,00
;;;;;;
;;;;;;
18/06/2021;19/06/2021;8947;Pagamento;Cielo crédito parcelado master - 6x antec.;Não;R$ 200,00
;;;;;;
;;;;;;
18/06/2021;19/06/2021;8946;Pagamento;Cielo crédito parcelado master - 6x antec.;Não;R$ 200,00
;;;;;;
;;;;;;
18/06/2021;19/06/2021;8945;Pagamento;Cielo crédito parcelado master - 6x antec.;Não;R$ 200,00
;;;;;;
;;;;;;
18/06/2021;19/06/2021;8944;Pagamento;Cielo crédito á vista visa;Não;R$ 190,00
;;;;;;
;;;;;;
18/06/2021;18/06/2021;8943;Pagamento;transferência bancaria;Sim;R$ 308,00
17/06/2021;18/06/2021;8942;Pagamento;Cielo crédito á vista master;Não;R$ 105,00
;;;;;;
;;;;;;
17/06/2021;18/06/2021;8939;Pagamento;Cielo crédito á vista visa;Não;R$ 115,00
;;;;;;
;;;;;;
16/06/2021;17/06/2021;8938;Pagamento;Cielo crédito á vista master;Não;R$ 35,00
;;;;;;
;;;;;;
16/06/2021;17/06/2021;8936;Pagamento;Cielo crédito á vista master;Não;R$ 35,00
;;;;;;
;;;;;;
16/06/2021;17/06/2021;8935;Pagamento;Cielo crédito á vista master;Não;R$ 310,00
;;;;;;
;;;;;;
16/06/2021;17/06/2021;8934;Pagamento;Cielo crédito á vista master;Não;R$ 310,00
;;;;;;
;;;;;;
16/06/2021;17/06/2021;8931;Pagamento;Cielo débito master;Não;R$ 147,00
;;;;;;
16/06/2021;17/06/2021;8930;Pagamento;Cielo débito master;Não;R$ 332,00
;;;;;;
16/06/2021;16/06/2021;8933;Pagamento;transferência bancaria;Sim;R$ 97,00
15/06/2021;16/06/2021;8927;Pagamento;Cielo débito master;Não;R$ 135,00
;;;;;;
;;;;;;
;;;;;;
;;;;;;
;;;;;;
;;;;;;
;;;;;;
;;;;;;
15/06/2021;15/06/2021;8928;Pagamento;transferência bancaria;Sim;R$ 50,00
15/06/2021;15/06/2021;8928;Pagamento;Jmps;Sim;R$ 189,00
15/06/2021;15/06/2021;8926;Pagamento;Jmps;Sim;R$ 112,00
15/06/2021;15/06/2021;8925;Pagamento;transferência bancaria;Sim;R$ 50,00
15/06/2021;15/06/2021;8925;Pagamento;Jmps;Sim;R$ 189,00
15/06/2021;15/06/2021;8924;Pagamento;Jmps;Sim;R$ 112,00
15/06/2021;15/06/2021;8923;Pagamento;Jmps;Sim;R$ 70,00
15/06/2021;15/06/2021;8922;Pagamento;Jmps;Sim;R$ 70,00
15/06/2021;15/06/2021;8921;Pagamento;Jmps;Sim;R$ 91,00
15/06/2021;15/06/2021;8920;Pagamento;Jmps;Sim;R$ 91,00
13/06/2021;14/06/2021;8913;Pagamento;Cielo crédito á vista master;Não;R$ 144,00
;;;;;;
;;;;;;
13/06/2021;14/06/2021;8912;Pagamento;Cielo crédito á vista master;Não;R$ 144,00
;;;;;;
;;;;;;
13/06/2021;14/06/2021;8907;Pagamento;Cielo débito master;Não;R$ 126,50
;;;;;;
13/06/2021;14/06/2021;8906;Pagamento;Cielo débito master;Não;R$ 126,50
;;;;;;
;;;;;;
12/06/2021;13/06/2021;8909;Pagamento;Cielo débito master;Não;R$ 191,80
;;;;;;
12/06/2021;13/06/2021;8908;Pagamento;Cielo débito master;Não;R$ 191,80
;;;;;;
13/06/2021;13/06/2021;8907;Pagamento;Dinheiro;Sim;R$ 119,00
13/06/2021;13/06/2021;8906;Pagamento;Dinheiro;Sim;R$ 119,00
13/06/2021;13/06/2021;8904;Pagamento;Dinheiro;Sim;R$ 30,00
13/06/2021;13/06/2021;8903;Pagamento;Dinheiro;Sim;R$ 30,00
13/06/2021;13/06/2021;8902;Pagamento;Dinheiro;Sim;R$ 20,00
12/06/2021;13/06/2021;8897;Pagamento;Cielo crédito á vista master;Não;R$ 130,00
;;;;;;
;;;;;;
12/06/2021;13/06/2021;8893;Pagamento;Cielo crédito á vista master;Não;R$ 160,00
;;;;;;
;;;;;;
;;;;;;
;;;;;;
11/06/2021;12/06/2021;8889;Pagamento;Cielo crédito parcelado visa - 2x antec.;Não;R$ 304,00
;;;;;;
;;;;;;
11/06/2021;12/06/2021;8888;Pagamento;Cielo crédito parcelado master - 4x antec.;Não;R$ 170,00
;;;;;;
;;;;;;
11/06/2021;12/06/2021;8887;Pagamento;Cielo crédito parcelado master - 4x antec.;Não;R$ 170,00
;;;;;;
;;;;;;
11/06/2021;12/06/2021;8886;Pagamento;Cielo crédito parcelado visa - 2x antec.;Não;R$ 170,00
;;;;;;
;;;;;;
11/06/2021;12/06/2021;8885;Pagamento;Cielo crédito parcelado visa - 2x antec.;Não;R$ 30,00
;;;;;;
;;;;;;
11/06/2021;11/06/2021;8885;Pagamento;transferência bancaria;Sim;R$ 140,00
10/06/2021;11/06/2021;8884;Pagamento;Cielo crédito á vista master;Não;R$ 30,00
;;;;;;
;;;;;;
10/06/2021;11/06/2021;8883;Pagamento;Cielo crédito á vista master;Não;R$ 105,00
;;;;;;
;;;;;;
10/06/2021;11/06/2021;8880;Pagamento;Cielo crédito á vista visa;Não;R$ 371,00
;;;;;;
;;;;;;
09/06/2021;10/06/2021;8876;Pagamento;Cielo débito master;Não;R$ 31,50
;;;;;;
09/06/2021;10/06/2021;8875;Pagamento;Cielo crédito parcelado master - 3x antec.;Não;R$ 165,00
;;;;;;
;;;;;;
09/06/2021;10/06/2021;8874;Pagamento;Cielo crédito parcelado master - 3x antec.;Não;R$ 165,00
;;;;;;
;;;;;;
;;;;;;
09/06/2021;09/06/2021;8879;Pagamento;transferência bancaria;Sim;R$ 87,00
09/06/2021;09/06/2021;8873;Pagamento;transferência bancaria;Sim;R$ 136,80
09/06/2021;09/06/2021;8872;Pagamento;transferência bancaria;Sim;R$ 136,80
08/06/2021;09/06/2021;8865;Pagamento;Cielo crédito á vista visa;Não;R$ 160,00
;;;;;;
;;;;;;
08/06/2021;09/06/2021;8864;Pagamento;Cielo crédito á vista visa;Não;R$ 105,00
;;;;;;
;;;;;;
08/06/2021;09/06/2021;8861;Pagamento;Cielo crédito á vista master;Não;R$ 136,80
;;;;;;
;;;;;;
08/06/2021;09/06/2021;8860;Pagamento;Cielo crédito á vista master;Não;R$ 136,80
;;;;;;
;;;;;;
08/06/2021;08/06/2021;8859;Pagamento;transferência bancaria;Sim;R$ 77,50
08/06/2021;08/06/2021;8858;Pagamento;transferência bancaria;Sim;R$ 77,50
08/06/2021;08/06/2021;8857;Pagamento;transferência bancaria;Sim;R$ 384,00
06/06/2021;07/06/2021;8855;Pagamento;Cielo débito master;Não;R$ 25,00
;;;;;;
06/06/2021;07/06/2021;8853;Pagamento;Cielo crédito parcelado master - 3x antec.;Não;R$ 81,00
;;;;;;
;;;;;;
06/06/2021;07/06/2021;8852;Pagamento;Cielo crédito parcelado master - 3x antec.;Não;R$ 135,00
;;;;;;
;;;;;;
;;;;;;
05/06/2021;06/06/2021;8851;Pagamento;Cielo débito master;Não;R$ 94,50
;;;;;;
05/06/2021;06/06/2021;8850;Pagamento;Cielo débito master;Não;R$ 94,50
;;;;;;
05/06/2021;06/06/2021;8849;Pagamento;Cielo crédito á vista visa;Não;R$ 117,00
;;;;;;
;;;;;;
05/06/2021;06/06/2021;8845;Pagamento;Cielo débito visa;Não;R$ 34,00
;;;;;;
05/06/2021;05/06/2021;8844;Pagamento;transferência bancaria;Sim;R$ 82,20
05/06/2021;05/06/2021;8843;Pagamento;transferência bancaria;Sim;R$ 82,20
05/06/2021;05/06/2021;8842;Pagamento;transferência bancaria;Sim;R$ 230,00
04/06/2021;05/06/2021;8839;Pagamento;Cielo crédito á vista visa;Não;R$ 150,00
;;;;;;
;;;;;;
;;;;;;
;;;;;;
04/06/2021;04/06/2021;8841;Pagamento;transferência bancaria;Sim;R$ 238,00
03/06/2021;04/06/2021;8836;Pagamento;Cielo débito visa;Não;R$ 20,00
;;;;;;
03/06/2021;04/06/2021;8834;Pagamento;Cielo débito elo;Não;R$ 18,84
;;;;;;
03/06/2021;04/06/2021;8834;Pagamento;Cielo crédito á vista master;Não;R$ 2,16
;;;;;;
;;;;;;
03/06/2021;04/06/2021;8833;Pagamento;Cielo crédito á vista visa;Não;R$ 74,00
;;;;;;
;;;;;;
03/06/2021;04/06/2021;8832;Pagamento;Cielo crédito á vista visa;Não;R$ 117,00
;;;;;;
;;;;;;
03/06/2021;03/06/2021;8836;Pagamento;Dinheiro;Sim;R$ 100,00
03/05/2021;03/06/2021;8644;Pagamento;QR Code 4x - 2/3;Sim;R$ 62,40
;;;;;;
03/05/2021;03/06/2021;8643;Pagamento;QR Code 4x - 2/3;Sim;R$ 62,40
;;;;;;
03/05/2021;03/06/2021;8642;Pagamento;QR Code 4x - 2/6;Sim;R$ 5,50
;;;;;;
03/05/2021;03/06/2021;8641;Pagamento;QR Code 4x - 2/6;Sim;R$ 21,67
;;;;;;
03/05/2021;03/06/2021;8640;Pagamento;QR Code 4x - 2/6;Sim;R$ 21,67
;;;;;;
02/06/2021;02/06/2021;8826;Pagamento;transferência bancaria;Sim;R$ 100,00
02/06/2021;02/06/2021;8825;Pagamento;transferência bancaria;Sim;R$ 100,00
02/06/2021;02/06/2021;8824;Pagamento;transferência bancaria;Sim;R$ 100,00
02/06/2021;02/06/2021;8823;Pagamento;transferência bancaria;Sim;R$ 100,00
02/06/2021;02/06/2021;8822;Pagamento;transferência bancaria;Sim;R$ 100,00
02/06/2021;02/06/2021;8821;Pagamento;transferência bancaria;Sim;R$ 100,00
02/06/2021;02/06/2021;8820;Pagamento;transferência bancaria;Sim;R$ 100,00
02/06/2021;02/06/2021;8819;Pagamento;transferência bancaria;Sim;R$ 100,00
02/06/2021;02/06/2021;8818;Pagamento;transferência bancaria;Sim;R$ 100,00
02/06/2021;02/06/2021;8817;Pagamento;transferência bancaria;Sim;R$ 100,00
02/06/2021;02/06/2021;8816;Pagamento;transferência bancaria;Sim;R$ 100,00
02/06/2021;02/06/2021;8815;Pagamento;transferência bancaria;Sim;R$ 100,00
02/06/2021;02/06/2021;8814;Pagamento;transferência bancaria;Sim;R$ 100,00
02/06/2021;02/06/2021;8813;Pagamento;transferência bancaria;Sim;R$ 100,00
02/06/2021;02/06/2021;8812;Pagamento;transferência bancaria;Sim;R$ 100,00
02/06/2021;02/06/2021;8811;Pagamento;transferência bancaria;Sim;R$ 100,00
02/06/2021;02/06/2021;8810;Pagamento;transferência bancaria;Sim;R$ 100,00
02/06/2021;02/06/2021;8809;Pagamento;transferência bancaria;Sim;R$ 100,00
02/06/2021;02/06/2021;8808;Pagamento;transferência bancaria;Sim;R$ 100,00
02/06/2021;02/06/2021;8807;Pagamento;transferência bancaria;Sim;R$ 100,00
02/06/2021;02/06/2021;8806;Pagamento;transferência bancaria;Sim;R$ 100,00
02/06/2021;02/06/2021;8805;Pagamento;transferência bancaria;Sim;R$ 100,00
02/06/2021;02/06/2021;8804;Pagamento;transferência bancaria;Sim;R$ 100,00
02/06/2021;02/06/2021;8803;Pagamento;transferência bancaria;Sim;R$ 100,00
02/06/2021;02/06/2021;8802;Pagamento;transferência bancaria;Sim;R$ 100,00
02/06/2021;02/06/2021;8801;Pagamento;transferência bancaria;Sim;R$ 100,00
02/06/2021;02/06/2021;8800;Pagamento;transferência bancaria;Sim;R$ 100,00
02/06/2021;02/06/2021;8799;Pagamento;transferência bancaria;Sim;R$ 100,00
02/06/2021;02/06/2021;8798;Pagamento;transferência bancaria;Sim;R$ 100,00
02/06/2021;02/06/2021;8797;Pagamento;transferência bancaria;Sim;R$ 100,00
02/06/2021;02/06/2021;8796;Pagamento;transferência bancaria;Sim;R$ 100,00
02/06/2021;02/06/2021;8795;Pagamento;transferência bancaria;Sim;R$ 100,00
02/06/2021;02/06/2021;8794;Pagamento;transferência bancaria;Sim;R$ 100,00
02/06/2021;02/06/2021;8793;Pagamento;transferência bancaria;Sim;R$ 100,00
02/06/2021;02/06/2021;8792;Pagamento;transferência bancaria;Sim;R$ 100,00
02/06/2021;02/06/2021;8791;Pagamento;transferência bancaria;Sim;R$ 100,00
02/06/2021;02/06/2021;8790;Pagamento;transferência bancaria;Sim;R$ 100,00
02/06/2021;02/06/2021;8789;Pagamento;transferência bancaria;Sim;R$ 100,00
02/06/2021;02/06/2021;8788;Pagamento;transferência bancaria;Sim;R$ 100,00
02/06/2021;02/06/2021;8787;Pagamento;transferência bancaria;Sim;R$ 100,00
02/06/2021;02/06/2021;8785;Pagamento;transferência bancaria;Sim;R$ 70,00
02/06/2021;02/06/2021;8784;Pagamento;transferência bancaria;Sim;R$ 161,00
02/06/2021;02/06/2021;8782;Pagamento;transferência bancaria;Sim;R$ 99,75
02/06/2021;02/06/2021;8781;Pagamento;transferência bancaria;Sim;R$ 99,75
01/06/2021;01/06/2021;8779;Pagamento;transferência bancaria;Sim;R$ 49,90
31/05/2021;01/06/2021;8772;Pagamento;Cielo crédito á vista visa;Não;R$ 70,00
;;;;;;
;;;;;;
;;;;;;
;;;;;;
;;;;;;
;;;;;;
;;;;;;
;;;;;;
;;;;;;
;;;;;;
30/05/2021;31/05/2021;8778;Pagamento;Cielo débito visa;Não;R$ 70,00
;;;;;;
31/05/2021;31/05/2021;8767;Pagamento;Dinheiro;Sim;R$ 5,00
29/05/2021;30/05/2021;8775;Pagamento;Cielo débito master;Não;R$ 135,00
;;;;;;
29/05/2021;30/05/2021;8774;Pagamento;Cielo débito master;Não;R$ 135,00
;;;;;;
28/05/2021;29/05/2021;8761;Pagamento;Cielo crédito parcelado visa - 3x antec.;Não;R$ 117,00
;;;;;;
;;;;;;
27/05/2021;28/05/2021;8760;Pagamento;Cielo crédito á vista visa;Não;R$ 35,00
;;;;;;
;;;;;;
27/05/2021;28/05/2021;8759;Pagamento;Cielo crédito á vista visa;Não;R$ 40,00
;;;;;;
;;;;;;
26/05/2021;26/05/2021;8747;Pagamento;transferência bancaria;Sim;R$ 300,00
26/05/2021;26/05/2021;8746;Pagamento;transferência bancaria;Sim;R$ 300,00
25/05/2021;25/05/2021;8745;Pagamento;transferência bancaria;Sim;R$ 136,80
25/05/2021;25/05/2021;8744;Pagamento;transferência bancaria;Sim;R$ 136,80
23/05/2021;24/05/2021;8742;Pagamento;Cielo crédito á vista master;Não;R$ 117,00
;;;;;;
;;;;;;
23/05/2021;24/05/2021;8741;Pagamento;Cielo crédito á vista master;Não;R$ 72,00
;;;;;;
;;;;;;
23/05/2021;24/05/2021;8740;Pagamento;Cielo crédito á vista master;Não;R$ 81,00
;;;;;;
;;;;;;
23/05/2021;24/05/2021;8733;Pagamento;Cielo crédito á vista master;Não;R$ 20,00
;;;;;;
;;;;;;
22/05/2021;22/05/2021;8726;Pagamento;transferência bancaria;Sim;R$ 180,00
20/05/2021;21/05/2021;8720;Pagamento;Cielo crédito parcelado master - 2x antec.;Não;R$ 399,99
;;;;;;
;;;;;;
19/05/2021;19/05/2021;8719;Pagamento;transferência bancaria;Sim;R$ 263,00
17/05/2021;18/05/2021;8718;Pagamento;Cielo crédito á vista elo;Não;R$ 190,00
;;;;;;
;;;;;;
;;;;;;
16/05/2021;17/05/2021;8714;Pagamento;Cielo débito master;Não;R$ 260,00
;;;;;;
16/05/2021;17/05/2021;8713;Pagamento;Cielo débito master;Não;R$ 5,00
;;;;;;
16/05/2021;17/05/2021;8712;Pagamento;Cielo débito master;Não;R$ 5,00
;;;;;;
16/05/2021;17/05/2021;8711;Pagamento;Cielo crédito á vista master;Não;R$ 88,00
;;;;;;
;;;;;;
16/05/2021;17/05/2021;8710;Pagamento;Cielo crédito á vista master;Não;R$ 56,00
;;;;;;
;;;;;;
16/05/2021;17/05/2021;8700;Pagamento;Cielo débito master;Não;R$ 12,00
;;;;;;
16/05/2021;17/05/2021;8696;Pagamento;Cielo crédito á vista master;Não;R$ 5,00
;;;;;;
;;;;;;
16/05/2021;17/05/2021;8695;Pagamento;Cielo crédito á vista master;Não;R$ 5,00
;;;;;;
;;;;;;
;;;;;;
;;;;;;
;;;;;;
;;;;;;
;;;;;;
;;;;;;
14/05/2021;15/05/2021;8773;Pagamento;Cielo crédito á vista visa;Não;R$ 70,00
;;;;;;
;;;;;;
;;;;;;
14/05/2021;14/05/2021;8688;Pagamento;transferência bancaria;Sim;R$ 551,00
13/05/2021;14/05/2021;8687;Pagamento;Cielo crédito á vista master;Não;R$ 135,00
;;;;;;
;;;;;;
13/05/2021;14/05/2021;8684;Pagamento;Cielo crédito á vista master;Não;R$ 117,00
;;;;;;
;;;;;;
13/05/2021;14/05/2021;8681;Pagamento;Cielo crédito parcelado master - 6x antec.;Não;R$ 1.340,00
;;;;;;
;;;;;;
12/05/2021;13/05/2021;8680;Pagamento;Cielo crédito parcelado master - 6x antec.;Não;R$ 573,50
;;;;;;
;;;;;;
;;;;;;
;;;;;;
;;;;;;
10/05/2021;11/05/2021;8679;Pagamento;Cielo crédito parcelado master - 2x antec.;Não;R$ 261,00
;;;;;;
;;;;;;
10/05/2021;11/05/2021;8678;Pagamento;Cielo crédito parcelado visa - 2x antec.;Não;R$ 198,00
;;;;;;
;;;;;;
;;;;;;
09/05/2021;09/05/2021;8675;Pagamento;transferência bancaria;Sim;R$ 76,00
09/05/2021;09/05/2021;8674;Pagamento;transferência bancaria;Sim;R$ 260,00
08/05/2021;09/05/2021;8670;Pagamento;Cielo crédito á vista visa;Não;R$ 36,00
;;;;;;
;;;;;;
08/05/2021;09/05/2021;8665;Pagamento;Cielo crédito á vista visa;Não;R$ 186,00
;;;;;;
;;;;;;
08/05/2021;09/05/2021;8662;Pagamento;Cielo débito master;Não;R$ 91,00
;;;;;;
08/05/2021;09/05/2021;8661;Pagamento;Cielo débito master;Não;R$ 91,00
;;;;;;
08/05/2021;09/05/2021;8658;Pagamento;Cielo crédito parcelado visa - 3x antec.;Não;R$ 230,00
;;;;;;
;;;;;;
08/05/2021;08/05/2021;8660;Pagamento;transferência bancaria;Sim;R$ 160,00
08/05/2021;08/05/2021;8659;Pagamento;transferência bancaria;Sim;R$ 160,00
06/05/2021;06/05/2021;8657;Pagamento;transferência bancaria;Sim;R$ 72,00
06/05/2021;06/05/2021;8656;Pagamento;transferência bancaria;Sim;R$ 160,00
05/05/2021;06/05/2021;8653;Pagamento;Cielo crédito parcelado master - 2x antec.;Não;R$ 230,00
;;;;;;
;;;;;;
05/05/2021;06/05/2021;8652;Pagamento;Cielo crédito á vista master;Não;R$ 45,50
;;;;;;
;;;;;;
05/05/2021;06/05/2021;8651;Pagamento;Cielo crédito á vista master;Não;R$ 45,50
;;;;;;
;;;;;;
05/05/2021;05/05/2021;8654;Pagamento;Dinheiro;Sim;R$ 130,00
05/05/2021;05/05/2021;8653;Pagamento;transferência bancaria;Sim;R$ 30,00
04/05/2021;05/05/2021;8647;Pagamento;Cielo crédito parcelado master - 2x antec.;Não;R$ 262,00
;;;;;;
;;;;;;
03/05/2021;04/05/2021;8646;Pagamento;Cielo crédito parcelado visa - 12x antec.;Não;R$ 1.860,00
;;;;;;
;;;;;;
;;;;;;
03/05/2021;03/05/2021;8645;Pagamento;Link mercado pago;Sim;R$ 63,80
;;;;;;
;;;;;;
03/05/2021;03/05/2021;8644;Pagamento;QR Code 4x - 1/3;Sim;R$ 62,40
;;;;;;
03/05/2021;03/05/2021;8643;Pagamento;QR Code 4x - 1/3;Sim;R$ 62,40
;;;;;;
03/05/2021;03/05/2021;8642;Pagamento;QR Code 4x - 1/6;Sim;R$ 5,50
;;;;;;
03/05/2021;03/05/2021;8641;Pagamento;QR Code 4x - 1/6;Sim;R$ 21,67
;;;;;;
03/05/2021;03/05/2021;8640;Pagamento;QR Code 4x - 1/6;Sim;R$ 21,67
;;;;;;
02/05/2021;03/05/2021;8636;Pagamento;Cielo crédito á vista visa;Não;R$ 58,50
;;;;;;
;;;;;;
02/05/2021;03/05/2021;8636;Pagamento;Cielo crédito parcelado visa - 2x antec.;Não;R$ 130,00
;;;;;;
;;;;;;
;;;;;;
02/05/2021;02/05/2021;8639;Pagamento;Dinheiro;Sim;R$ 130,00
01/05/2021;01/05/2021;8628;Pagamento;Link mercado pago - 2x antec.;Sim;R$ 234,00
;;;;;;
;;;;;;
30/04/2021;01/05/2021;8622;Pagamento;Cielo crédito á vista visa;Não;R$ 104,00
;;;;;;
;;;;;;
30/04/2021;01/05/2021;8621;Pagamento;Cielo crédito parcelado master - 5x antec.;Não;R$ 532,00
;;;;;;
;;;;;;
30/04/2021;01/05/2021;8615;Pagamento;Cielo crédito á vista visa;Não;R$ 130,00
;;;;;;
;;;;;;
30/04/2021;01/05/2021;8612;Pagamento;Cielo crédito á vista visa;Não;R$ 208,00
;;;;;;
;;;;;;
30/04/2021;01/05/2021;8610;Pagamento;Cielo crédito á vista master;Não;R$ 84,50
;;;;;;
;;;;;;
30/04/2021;30/04/2021;8622;Pagamento;Link mercado pago - 3x antec.;Sim;R$ 88,00
;;;;;;
;;;;;;
30/04/2021;30/04/2021;8620;Pagamento;transferência bancaria;Sim;R$ 22,50
30/04/2021;30/04/2021;8619;Pagamento;transferência bancaria;Sim;R$ 338,00
30/04/2021;30/04/2021;8618;Pagamento;transferência bancaria;Sim;R$ 338,00
30/04/2021;30/04/2021;8617;Pagamento;transferência bancaria;Sim;R$ 110,50
30/04/2021;30/04/2021;8616;Pagamento;transferência bancaria;Sim;R$ 110,50
30/04/2021;30/04/2021;8614;Pagamento;transferência bancaria;Sim;R$ 97,50
30/04/2021;30/04/2021;8613;Pagamento;transferência bancaria;Sim;R$ 169,00
30/04/2021;30/04/2021;8611;Pagamento;transferência bancaria;Sim;R$ 298,00
28/04/2021;28/04/2021;8608;Pagamento;transferência bancaria;Sim;R$ 187,20
28/04/2021;28/04/2021;8607;Pagamento;transferência bancaria;Sim;R$ 187,20
27/04/2021;28/04/2021;8606;Pagamento;Cielo crédito á vista visa;Não;R$ 130,00
;;;;;;
;;;;;;
27/11/2020;27/04/2021;7993;Pagamento;QR Code 4x - 6/6;Sim;R$ 75,00
;;;;;;
24/04/2021;25/04/2021;8605;Pagamento;Cielo crédito á vista visa;Não;R$ 312,00
;;;;;;
;;;;;;
24/04/2021;24/04/2021;8604;Pagamento;Link mercado pago;Sim;R$ 68,00
;;;;;;
;;;;;;
23/04/2021;24/04/2021;8601;Pagamento;Cielo crédito á vista master;Não;R$ 117,00
;;;;;;
;;;;;;
23/04/2021;23/04/2021;8602;Pagamento;Link mercado pago - 4x antec.;Sim;R$ 648,00
;;;;;;
;;;;;;
20/04/2021;20/04/2021;8600;Pagamento;Link mercado pago - 2x antec.;Sim;R$ 219,20
;;;;;;
;;;;;;
;;;;;;
;;;;;;
12/04/2021;12/04/2021;8596;Pagamento;transferência bancaria;Sim;R$ 170,00
;;;;;;
09/04/2021;09/04/2021;8595;Pagamento;transferência bancaria;Sim;R$ 186,00
;;;;;;
04/08/2020;04/04/2021;7298;Pagamento;Link mercado pago - 9/9;Sim;R$ 128,77
;;;;;;
;;;;;;
31/03/2021;01/04/2021;8590;Pagamento;Cielo crédito parcelado visa - 12x antec.;Não;R$ 1.176,00
;;;;;;
;;;;;;
;;;;;;
29/03/2021;29/03/2021;8591;Pagamento;transferência bancaria;Sim;R$ 309,00
27/11/2020;27/03/2021;7993;Pagamento;QR Code 4x - 5/6;Sim;R$ 75,00
;;;;;;
18/03/2021;19/03/2021;8589;Pagamento;Cielo crédito parcelado visa - 2x antec.;Não;R$ 170,00
;;;;;;
;;;;;;
;;;;;;
;;;;;;
;;;;;;
;;;;;;
;;;;;;
;;;;;;
;;;;;;
12/03/2021;13/03/2021;8586;Pagamento;Cielo crédito parcelado visa - 6x antec.;Não;R$ 560,00
;;;;;;
;;;;;;
10/03/2021;11/03/2021;8580;Pagamento;Cielo débito master;Não;R$ 143,00
;;;;;;
10/03/2021;11/03/2021;8579;Pagamento;Cielo débito master;Não;R$ 143,00
;;;;;;
08/03/2021;08/03/2021;8574;Pagamento;transferência bancaria;Sim;R$ 345,00
08/03/2021;08/03/2021;8573;Pagamento;transferência bancaria;Sim;R$ 600,00
08/03/2021;08/03/2021;8572;Pagamento;transferência bancaria;Sim;R$ 600,00
07/03/2021;08/03/2021;8559;Pagamento;Cielo débito elo;Não;R$ 15,00
;;;;;;
06/03/2021;07/03/2021;8570;Pagamento;Cielo débito elo;Não;R$ 100,75
;;;;;;
06/03/2021;07/03/2021;8569;Pagamento;Cielo débito elo;Não;R$ 100,75
;;;;;;
06/03/2021;07/03/2021;8562;Pagamento;Cielo crédito parcelado elo - 4x antec.;Não;R$ 448,00
;;;;;;
;;;;;;
07/03/2021;07/03/2021;8560;Pagamento;Dinheiro;Sim;R$ 5,00
;;;;;;
;;;;;;
;;;;;;
06/03/2021;06/03/2021;8557;Pagamento;Dinheiro;Sim;R$ 5,00
05/03/2021;06/03/2021;8556;Pagamento;Cielo crédito parcelado visa - 2x antec.;Não;R$ 200,00
;;;;;;
;;;;;;
;;;;;;
05/03/2021;05/03/2021;8555;Pagamento;Dinheiro;Sim;R$ 100,00
04/03/2021;04/03/2021;8545;Pagamento;transferência bancaria;Sim;R$ 127,50
04/03/2021;04/03/2021;8544;Pagamento;Dinheiro;Sim;R$ 110,50
03/03/2021;04/03/2021;8542;Pagamento;Cielo débito elo;Não;R$ 500,00
;;;;;;
04/08/2020;04/03/2021;7298;Pagamento;Link mercado pago - 8/9;Sim;R$ 128,77
;;;;;;
03/03/2021;03/03/2021;8540;Pagamento;Dinheiro;Sim;R$ 110,50
03/03/2021;03/03/2021;8539;Pagamento;Dinheiro;Sim;R$ 110,50
02/03/2021;03/03/2021;8537;Pagamento;Cielo crédito á vista master;Não;R$ 110,00
;;;;;;
;;;;;;
02/03/2021;03/03/2021;8536;Pagamento;Cielo crédito á vista master;Não;R$ 40,00
;;;;;;
;;;;;;
;;;;;;
01/03/2021;01/03/2021;8530;Pagamento;transferência bancaria;Sim;R$ 69,00
28/02/2021;01/03/2021;8529;Pagamento;Cielo débito master;Não;R$ 150,00
;;;;;;
;;;;;;
;;;;;;
;;;;;;
;;;;;;
;;;;;;
27/02/2021;28/02/2021;8524;Pagamento;Cielo crédito á vista visa;Não;R$ 30,00
;;;;;;
;;;;;;
27/02/2021;28/02/2021;8523;Pagamento;Cielo crédito á vista master;Não;R$ 119,00
;;;;;;
;;;;;;
27/02/2021;28/02/2021;8521;Pagamento;Cielo crédito á vista master;Não;R$ 30,00
;;;;;;
;;;;;;
26/02/2021;27/02/2021;8515;Pagamento;Crédito parcelado American - 3x antec.;Não;R$ 294,00
;;;;;;
;;;;;;
26/02/2021;27/02/2021;8512;Pagamento;Cielo crédito parcelado master - 2x antec.;Não;R$ 340,00
;;;;;;
;;;;;;
27/11/2020;27/02/2021;7993;Pagamento;QR Code 4x - 4/6;Sim;R$ 75,00
;;;;;;
26/02/2021;26/02/2021;8514;Pagamento;transferência bancaria;Sim;R$ 133,00
26/02/2021;26/02/2021;8513;Pagamento;transferência bancaria;Sim;R$ 251,75
25/02/2021;26/02/2021;8511;Pagamento;Cielo débito master;Não;R$ 231,00
;;;;;;
24/02/2021;24/02/2021;8506;Pagamento;transferência bancaria;Sim;R$ 114,00
24/02/2021;24/02/2021;8505;Pagamento;transferência bancaria;Sim;R$ 98,80
23/02/2021;24/02/2021;8501;Pagamento;Cielo crédito á vista master;Não;R$ 136,00
;;;;;;
;;;;;;
22/02/2021;23/02/2021;8496;Pagamento;Cielo crédito á vista elo;Não;R$ 39,00
;;;;;;
;;;;;;
22/02/2021;23/02/2021;8495;Pagamento;Cielo crédito á vista elo;Não;R$ 39,00
;;;;;;
;;;;;;
22/02/2021;22/02/2021;8498;Pagamento;transferência bancaria;Sim;R$ 40,00
20/02/2021;21/02/2021;8490;Pagamento;Cielo crédito á vista visa;Não;R$ 300,00
;;;;;;
;;;;;;
20/02/2021;21/02/2021;8490;Pagamento;Cielo débito visa;Não;R$ 400,00
;;;;;;
17/02/2021;18/02/2021;8485;Pagamento;Cielo crédito parcelado master - 3x antec.;Não;R$ 245,00
;;;;;;
;;;;;;
17/02/2021;18/02/2021;8484;Pagamento;Cielo crédito parcelado master - 3x antec.;Não;R$ 245,00
;;;;;;
;;;;;;
;;;;;;
16/02/2021;17/02/2021;8483;Pagamento;Cielo crédito á vista visa;Não;R$ 140,00
;;;;;;
;;;;;;
16/02/2021;17/02/2021;8452;Pagamento;Cielo débito master;Não;R$ 136,00
;;;;;;
;;;;;;
;;;;;;
;;;;;;
16/02/2021;16/02/2021;8482;Pagamento;transferência bancaria;Sim;R$ 115,00
16/02/2021;16/02/2021;8481;Pagamento;transferência bancaria;Sim;R$ 115,00
16/02/2021;16/02/2021;8480;Pagamento;transferência bancaria;Sim;R$ 115,00
16/02/2021;16/02/2021;8479;Pagamento;transferência bancaria;Sim;R$ 115,00
16/02/2021;16/02/2021;8478;Pagamento;transferência bancaria;Sim;R$ 115,00
16/02/2021;16/02/2021;8477;Pagamento;transferência bancaria;Sim;R$ 115,00
16/02/2021;16/02/2021;8476;Pagamento;transferência bancaria;Sim;R$ 115,00
16/02/2021;16/02/2021;8475;Pagamento;transferência bancaria;Sim;R$ 115,00
16/02/2021;16/02/2021;8474;Pagamento;transferência bancaria;Sim;R$ 115,00
16/02/2021;16/02/2021;8473;Pagamento;transferência bancaria;Sim;R$ 115,00
16/02/2021;16/02/2021;8472;Pagamento;transferência bancaria;Sim;R$ 115,00
16/02/2021;16/02/2021;8471;Pagamento;transferência bancaria;Sim;R$ 115,00
16/02/2021;16/02/2021;8470;Pagamento;transferência bancaria;Sim;R$ 115,00
16/02/2021;16/02/2021;8469;Pagamento;transferência bancaria;Sim;R$ 115,00
16/02/2021;16/02/2021;8468;Pagamento;transferência bancaria;Sim;R$ 115,00
16/02/2021;16/02/2021;8467;Pagamento;transferência bancaria;Sim;R$ 115,00
16/02/2021;16/02/2021;8466;Pagamento;transferência bancaria;Sim;R$ 115,00
16/02/2021;16/02/2021;8465;Pagamento;transferência bancaria;Sim;R$ 115,00
16/02/2021;16/02/2021;8464;Pagamento;transferência bancaria;Sim;R$ 115,00
16/02/2021;16/02/2021;8463;Pagamento;transferência bancaria;Sim;R$ 115,00
16/02/2021;16/02/2021;8462;Pagamento;transferência bancaria;Sim;R$ 115,00
16/02/2021;16/02/2021;8461;Pagamento;transferência bancaria;Sim;R$ 115,00
16/02/2021;16/02/2021;8460;Pagamento;transferência bancaria;Sim;R$ 115,00
16/02/2021;16/02/2021;8459;Pagamento;transferência bancaria;Sim;R$ 115,00
16/02/2021;16/02/2021;8458;Pagamento;transferência bancaria;Sim;R$ 115,00
16/02/2021;16/02/2021;8457;Pagamento;transferência bancaria;Sim;R$ 115,00
16/02/2021;16/02/2021;8456;Pagamento;transferência bancaria;Sim;R$ 115,00
16/02/2021;16/02/2021;8455;Pagamento;transferência bancaria;Sim;R$ 115,00
16/02/2021;16/02/2021;8454;Pagamento;transferência bancaria;Sim;R$ 115,00
16/02/2021;16/02/2021;8453;Pagamento;transferência bancaria;Sim;R$ 115,00
15/02/2021;15/02/2021;8451;Pagamento;transferência bancaria;Sim;R$ 180,00
15/02/2021;15/02/2021;8450;Pagamento;transferência bancaria;Sim;R$ 180,00
13/02/2021;14/02/2021;8449;Pagamento;Cielo crédito á vista master;Não;R$ 91,00
;;;;;;
;;;;;;
13/02/2021;14/02/2021;8447;Pagamento;Cielo crédito á vista master;Não;R$ 110,00
;;;;;;
;;;;;;
13/02/2021;14/02/2021;8446;Pagamento;Cielo crédito parcelado visa - 4x antec.;Não;R$ 364,00
;;;;;;
;;;;;;
13/02/2021;14/02/2021;8444;Pagamento;Cielo débito elo;Não;R$ 32,00
;;;;;;
13/02/2021;14/02/2021;8443;Pagamento;Cielo crédito á vista visa;Não;R$ 273,00
;;;;;;
;;;;;;
13/02/2021;14/02/2021;8442;Pagamento;Cielo crédito á vista master;Não;R$ 279,00
;;;;;;
;;;;;;
13/02/2021;14/02/2021;8441;Pagamento;Cielo crédito á vista master;Não;R$ 91,00
;;;;;;
;;;;;;
13/02/2021;14/02/2021;8440;Pagamento;Cielo débito elo;Não;R$ 197,50
;;;;;;
13/02/2021;14/02/2021;8439;Pagamento;Cielo crédito á vista visa;Não;R$ 197,50
;;;;;;
;;;;;;
13/02/2021;13/02/2021;8445;Pagamento;QR CODE 1x;Sim;R$ 32,00
;;;;;;
11/02/2021;12/02/2021;8434;Pagamento;Cielo débito master;Não;R$ 112,00
;;;;;;
;;;;;;
11/02/2021;11/02/2021;8435;Pagamento;Dinheiro;Sim;R$ 50,00
;;;;;;
10/02/2021;10/02/2021;8431;Pagamento;Dinheiro;Sim;R$ 205,00
09/02/2021;10/02/2021;8429;Pagamento;Cielo crédito parcelado visa - 2x antec.;Não;R$ 110,00
;;;;;;
;;;;;;
09/02/2021;10/02/2021;8428;Pagamento;Cielo crédito parcelado elo - 2x antec.;Não;R$ 200,00
;;;;;;
;;;;;;
08/02/2021;09/02/2021;8424;Pagamento;Cielo débito master;Não;R$ 250,00
;;;;;;
;;;;;;
08/02/2021;08/02/2021;8423;Pagamento;transferência bancaria;Sim;R$ 152,00
08/02/2021;08/02/2021;8422;Pagamento;transferência bancaria;Sim;R$ 140,00
06/02/2021;07/02/2021;8417;Pagamento;Cielo débito master;Não;R$ 190,00
;;;;;;
05/02/2021;06/02/2021;8416;Pagamento;Cielo crédito parcelado visa - 2x antec.;Não;R$ 187,50
;;;;;;
;;;;;;
05/02/2021;06/02/2021;8415;Pagamento;Cielo crédito parcelado visa - 2x antec.;Não;R$ 187,50
;;;;;;
;;;;;;
05/02/2021;06/02/2021;8414;Pagamento;Cielo crédito á vista visa;Não;R$ 110,00
;;;;;;
;;;;;;
05/02/2021;06/02/2021;8413;Pagamento;Cielo débito visa;Não;R$ 34,00
;;;;;;
04/02/2021;05/02/2021;8410;Pagamento;Cielo crédito á vista master;Não;R$ 280,00
;;;;;;
;;;;;;
04/02/2021;04/02/2021;8409;Pagamento;transferência bancaria;Sim;R$ 39,00
04/02/2021;04/02/2021;8408;Pagamento;transferência bancaria;Sim;R$ 39,00
03/02/2021;04/02/2021;8407;Pagamento;Cielo crédito á vista master;Não;R$ 119,00
;;;;;;
;;;;;;
03/02/2021;04/02/2021;8406;Pagamento;Cielo crédito parcelado master - 4x antec.;Não;R$ 187,50
;;;;;;
;;;;;;
03/02/2021;04/02/2021;8405;Pagamento;Cielo crédito parcelado master - 4x antec.;Não;R$ 187,50
;;;;;;
;;;;;;
04/08/2020;04/02/2021;7298;Pagamento;Link mercado pago - 7/9;Sim;R$ 128,78
;;;;;;
04/11/2020;04/02/2021;7114;Pagamento;QR Code 4x - 4/4;Sim;R$ 136,50
;;;;;;
02/02/2021;03/02/2021;8403;Pagamento;Cielo crédito á vista visa;Não;R$ 34,00
;;;;;;
;;;;;;
01/02/2021;02/02/2021;8401;Pagamento;Cielo crédito parcelado visa - 2x antec.;Não;R$ 170,00
;;;;;;
;;;;;;
;;;;;;
;;;;;;
;;;;;;
30/01/2021;31/01/2021;8399;Pagamento;Cielo crédito parcelado master - 2x antec.;Não;R$ 120,50
;;;;;;
;;;;;;
29/01/2021;30/01/2021;8376;Pagamento;Cielo crédito á vista visa;Não;R$ 24,00
;;;;;;
;;;;;;
29/01/2021;29/01/2021;8375;Pagamento;Dinheiro;Sim;R$ 10,00
27/11/2020;27/01/2021;7993;Pagamento;QR Code 4x - 3/6;Sim;R$ 75,00
;;;;;;
25/01/2021;26/01/2021;8362;Pagamento;Cielo débito visa;Não;R$ 34,00
;;;;;;
25/01/2021;26/01/2021;8361;Pagamento;Cielo débito visa;Não;R$ 30,00
;;;;;;
24/01/2021;25/01/2021;8360;Pagamento;Cielo crédito á vista master;Não;R$ 32,50
;;;;;;
;;;;;;
;;;;;;
23/01/2021;24/01/2021;8359;Pagamento;Cielo débito master;Não;R$ 40,00
;;;;;;
23/01/2021;24/01/2021;8348;Pagamento;Cielo crédito á vista master;Não;R$ 68,00
;;;;;;
;;;;;;
23/01/2021;24/01/2021;8347;Pagamento;Cielo débito visa;Não;R$ 34,00
;;;;;;
21/01/2021;22/01/2021;8342;Pagamento;Cielo crédito parcelado visa - 2x antec.;Não;R$ 100,00
;;;;;;
;;;;;;
21/01/2021;22/01/2021;8341;Pagamento;Cielo crédito parcelado visa - 2x antec.;Não;R$ 100,00
;;;;;;
;;;;;;
20/01/2021;21/01/2021;8338;Pagamento;Cielo crédito á vista visa;Não;R$ 110,00
;;;;;;
;;;;;;
20/01/2021;21/01/2021;8335;Pagamento;Cielo débito master;Não;R$ 364,00
;;;;;;
20/01/2021;21/01/2021;8334;Pagamento;Cielo crédito á vista visa;Não;R$ 40,00
;;;;;;
;;;;;;
19/01/2021;20/01/2021;8333;Pagamento;Cielo débito master;Não;R$ 144,50
;;;;;;
19/01/2021;20/01/2021;8329;Pagamento;Cielo débito visa;Não;R$ 110,00
;;;;;;
19/01/2021;19/01/2021;8332;Pagamento;Dinheiro;Sim;R$ 197,50
19/01/2021;19/01/2021;8331;Pagamento;Dinheiro;Sim;R$ 202,50
18/01/2021;19/01/2021;8328;Pagamento;Cielo débito elo;Não;R$ 30,90
;;;;;;
18/01/2021;19/01/2021;8327;Pagamento;Cielo débito elo;Não;R$ 65,10
;;;;;;
18/01/2021;19/01/2021;8326;Pagamento;Cielo crédito á vista visa;Não;R$ 40,00
;;;;;;
;;;;;;
;;;;;;
;;;;;;
;;;;;;
;;;;;;
;;;;;;
16/01/2021;17/01/2021;8319;Pagamento;Cielo crédito parcelado master - 2x antec.;Não;R$ 255,00
;;;;;;
;;;;;;
16/01/2021;17/01/2021;8318;Pagamento;Cielo crédito parcelado master - 2x antec.;Não;R$ 255,00
;;;;;;
;;;;;;
15/01/2021;16/01/2021;8314;Pagamento;Cielo crédito á vista master;Não;R$ 110,00
;;;;;;
;;;;;;
14/01/2021;15/01/2021;8310;Pagamento;Cielo crédito parcelado master - 3x antec.;Não;R$ 130,00
;;;;;;
;;;;;;
14/01/2021;15/01/2021;8309;Pagamento;Cielo crédito parcelado master - 3x antec.;Não;R$ 130,00
;;;;;;
;;;;;;
14/01/2021;15/01/2021;8307;Pagamento;Cielo débito master;Não;R$ 82,50
;;;;;;
13/01/2021;14/01/2021;8305;Pagamento;Cielo crédito á vista visa;Não;R$ 104,00
;;;;;;
;;;;;;
13/01/2021;14/01/2021;8301;Pagamento;Cielo débito master;Não;R$ 246,00
;;;;;;
13/01/2021;14/01/2021;8300;Pagamento;Cielo crédito á vista master;Não;R$ 80,00
;;;;;;
;;;;;;
12/01/2021;13/01/2021;8294;Pagamento;Cielo crédito á vista visa;Não;R$ 30,00
;;;;;;
;;;;;;
12/01/2021;13/01/2021;8292;Pagamento;Cielo débito master;Não;R$ 28,00
;;;;;;
;;;;;;
;;;;;;
;;;;;;
12/01/2021;12/01/2021;8298;Pagamento;transferência bancaria;Sim;R$ 73,50
12/01/2021;12/01/2021;8297;Pagamento;transferência bancaria;Sim;R$ 73,50
12/01/2021;12/01/2021;8296;Pagamento;transferência bancaria;Sim;R$ 231,00
12/01/2021;12/01/2021;8292;Pagamento;Dinheiro;Sim;R$ 100,00
11/01/2021;12/01/2021;8284;Pagamento;Cielo crédito parcelado elo - 2x antec.;Não;R$ 310,00
;;;;;;
;;;;;;
11/01/2021;12/01/2021;8283;Pagamento;Cielo débito master;Não;R$ 144,00
;;;;;;
11/01/2021;12/01/2021;8282;Pagamento;Cielo crédito á vista visa;Não;R$ 150,00
;;;;;;
;;;;;;
;;;;;;
;;;;;;
10/01/2021;10/01/2021;8280;Pagamento;Dinheiro;Sim;R$ 128,00
09/01/2021;10/01/2021;8279;Pagamento;Cielo débito master;Não;R$ 40,00
;;;;;;
09/01/2021;10/01/2021;8276;Pagamento;Cielo crédito parcelado master - 3x antec.;Não;R$ 245,00
;;;;;;
;;;;;;
;;;;;;
09/01/2021;09/01/2021;8279;Pagamento;Dinheiro;Sim;R$ 215,00
09/01/2021;09/01/2021;8278;Pagamento;Dinheiro;Sim;R$ 85,00
09/01/2021;09/01/2021;8275;Pagamento;QR CODE 6x - 6x antec.;Sim;R$ 130,00
;;;;;;
;;;;;;
08/01/2021;09/01/2021;8268;Pagamento;Cielo débito master;Não;R$ 127,50
;;;;;;
;;;;;;
07/01/2021;08/01/2021;8266;Pagamento;Cielo crédito parcelado master - 2x antec.;Não;R$ 90,00
;;;;;;
;;;;;;
07/01/2021;08/01/2021;8265;Pagamento;Cielo crédito parcelado master - 2x antec.;Não;R$ 90,00
;;;;;;
;;;;;;
07/01/2021;08/01/2021;8263;Pagamento;Cielo débito master;Não;R$ 136,00
;;;;;;
06/01/2021;07/01/2021;8261;Pagamento;Cielo crédito á vista master;Não;R$ 159,00
;;;;;;
;;;;;;
06/01/2021;07/01/2021;8260;Pagamento;Cielo crédito á vista master;Não;R$ 159,00
;;;;;;
;;;;;;
;;;;;;
06/01/2021;06/01/2021;8262;Pagamento;transferência bancaria;Sim;R$ 170,00
04/08/2020;04/01/2021;7298;Pagamento;Link mercado pago - 6/9;Sim;R$ 128,78
;;;;;;
04/11/2020;04/01/2021;7114;Pagamento;QR Code 4x - 3/4;Sim;R$ 136,50
